Date of Race,Time,Track,Horse,Distance,Place,Industry SP,Betfair SP,Predicted_Win_Probability
2023-09-30,13:45:00,RIPON,Spanish Rock,6f,3,2.1,2.47,0.7056331
2023-09-30,13:45:00,RIPON,Renewable Queen,6f,10,151.0,440.0,0.0008207607
2023-09-30,13:45:00,RIPON,Kandoo,6f,2,3.5,4.4,0.55270755
2023-09-30,13:45:00,RIPON,Standring,6f,7,6.0,6.38,0.5930099
2023-09-30,13:45:00,RIPON,Ingleby Ivy,6f,1,12.0,15.07,0.08195062
2023-09-30,13:45:00,RIPON,Profiteer,6f,8,21.0,33.16,0.028348552
2023-09-30,13:45:00,RIPON,Alfanatical,6f,4,26.0,40.0,0.010478485
2023-09-30,13:45:00,RIPON,Hearitfortheboys,6f,5,26.0,42.0,0.026811514
2023-09-30,13:45:00,RIPON,Clionia,6f,9,101.0,207.58,0.0016003615
2023-09-30,13:45:00,RIPON,Askim,6f,6,126.0,320.0,0.0019468414
2023-09-30,13:45:00,RIPON,Sometimes A Lady,6f,11,126.0,437.6,0.004355044
2023-09-30,14:20:00,RIPON,Miguel,1m,1,2.5,2.57,0.5696702
2023-09-30,14:20:00,RIPON,Mannerism,1m,5,5.5,6.4,0.5314477
2023-09-30,14:20:00,RIPON,Pick Your Battles,1m,2,6.0,7.44,0.24770135
2023-09-30,14:20:00,RIPON,Half Moon Rising,1m,3,8.5,9.94,0.17993522
2023-09-30,14:20:00,RIPON,Between Me And U,1m,6,8.5,10.06,0.050627805
2023-09-30,14:20:00,RIPON,Billiegee,1m,4,10.0,13.77,0.21915837
2023-09-30,14:20:00,RIPON,Passionately,1m,7,15.0,18.41,0.14408268
2023-09-30,14:55:00,RIPON,Mr Trevor,6f,4,4.33,5.0,0.60262704
2023-09-30,14:55:00,RIPON,Saleet,6f,9,26.0,27.8,0.040515862
2023-09-30,14:55:00,RIPON,Hurstwood,6f,5,4.5,5.1,0.591218
2023-09-30,14:55:00,RIPON,Hoof It Hoof It,6f,1,7.0,6.83,0.15371107
2023-09-30,14:55:00,RIPON,Captain Dandy,6f,6,8.5,10.3,0.50907207
2023-09-30,14:55:00,RIPON,Hurt You Never,6f,7,9.0,13.0,0.07374361
2023-09-30,14:55:00,RIPON,Flavius Titus,6f,2,9.0,11.94,0.21205615
2023-09-30,14:55:00,RIPON,One More Dream,6f,10,10.0,10.83,0.30424422
2023-09-30,14:55:00,RIPON,Bay Of Hope,6f,3,15.0,18.5,0.122502774
2023-09-30,14:55:00,RIPON,Frank The Spark,6f,8,23.0,44.0,0.05819631
2023-09-30,15:30:00,RIPON,Mr Wagyu,6f,5,5.5,5.29,0.04806134
2023-09-30,15:30:00,RIPON,Indian Creak,6f,9,17.0,27.76,0.073565
2023-09-30,15:30:00,RIPON,Quintus Arrius,6f,13,26.0,38.0,0.009330865
2023-09-30,15:30:00,RIPON,Glorious Angel,6f,4,29.0,49.57,0.009453804
2023-09-30,15:30:00,RIPON,The Turpinator,6f,3,6.5,8.15,0.1006586
2023-09-30,15:30:00,RIPON,Brazen Bolt,6f,8,8.0,9.4,0.36723667
2023-09-30,15:30:00,RIPON,Danzan,6f,6,9.0,10.43,0.015030475
2023-09-30,15:30:00,RIPON,Dakota Gold,6f,10,9.5,8.74,0.02947181
2023-09-30,15:30:00,RIPON,Origintrail,6f,11,9.5,10.5,0.040489845
2023-09-30,15:30:00,RIPON,Twelfth Knight,6f,12,15.0,22.76,0.07479193
2023-09-30,15:30:00,RIPON,Hyperfocus,6f,7,15.0,18.1,0.024773609
2023-09-30,15:30:00,RIPON,Dare To Hope,6f,1,15.0,21.0,0.09348626
2023-09-30,15:30:00,RIPON,Abate,6f,2,15.0,19.97,0.09450306
2023-09-30,16:05:00,RIPON,Strong Johnson,5f,1,4.5,5.24,0.6514508
2023-09-30,16:05:00,RIPON,Princess Karine,5f,4,4.5,4.41,0.6243181
2023-09-30,16:05:00,RIPON,Khabib,5f,5,5.0,6.2,0.8391824
2023-09-30,16:05:00,RIPON,Northcliff,5f,6,9.5,13.13,0.27396217
2023-09-30,16:05:00,RIPON,Canaria Queen,5f,7,11.0,12.29,0.04621943
2023-09-30,16:05:00,RIPON,Vadamiah,5f,2,11.0,11.2,0.04071931
2023-09-30,16:05:00,RIPON,Betweenthesticks,5f,3,11.0,15.0,0.11202316
2023-09-30,16:05:00,RIPON,American Star,5f,9,12.0,13.5,0.2148407
2023-09-30,16:05:00,RIPON,May Blossom,5f,8,15.0,23.0,0.053154167
2023-09-30,16:40:00,RIPON,Franberri,1m4f,3,2.38,2.4,0.6847896
2023-09-30,16:40:00,RIPON,Trust House,1m4f,1,3.0,3.1,0.5909975
2023-09-30,16:40:00,RIPON,Kardia,1m4f,2,4.33,5.31,0.714373
2023-09-30,16:40:00,RIPON,Delta Legend,1m4f,4,12.0,15.0,0.120708995
2023-09-30,16:40:00,RIPON,Total Master,1m4f,5,51.0,110.0,0.02681732
2023-09-30,17:15:00,RIPON,Pledgeofallegiance,2m,1,2.5,2.55,0.7454538
2023-09-30,17:15:00,RIPON,Haizoom,2m,4,3.25,3.49,0.7519716
2023-09-30,17:15:00,RIPON,Can Can Girl,2m,2,4.2,4.43,0.5795086
2023-09-30,17:15:00,RIPON,Spantik,2m,3,9.5,12.12,0.39886203
2023-09-30,17:15:00,RIPON,Mukha Magic,2m,5,19.0,32.79,0.019015647
2023-09-30,17:15:00,RIPON,Moon King,2m,6,34.0,65.0,0.004542367
2023-09-05,16:20:00,RIPON,Doom,1m,2,1.04,1.05,0.8816805
2023-09-05,16:20:00,RIPON,Karmology,1m,1,10.0,17.81,0.32451287
2023-09-05,16:55:00,RIPON,Rogue Enforcer,6f,2,1.73,1.73,0.9308033
2023-09-05,16:55:00,RIPON,Bills Baar,6f,1,3.75,4.5,0.5678621
2023-09-05,16:55:00,RIPON,Want Want,6f,3,5.0,6.38,0.6583713
2023-09-05,16:55:00,RIPON,Glory Hyde,6f,4,13.0,19.5,0.22873501
2023-09-05,16:55:00,RIPON,Turkish Tiger,6f,6,67.0,133.18,0.026377428
2023-09-05,16:55:00,RIPON,Gottomakeashilling,6f,5,201.0,428.57,0.0035872245
2023-09-05,17:30:00,RIPON,Chester Le Streak,6f,3,4.5,7.0,0.6445054
2023-09-05,17:30:00,RIPON,Canaria Prince,6f,6,23.0,30.56,0.040752545
2023-09-05,17:30:00,RIPON,Pink Sky At Night,6f,9,41.0,66.18,0.0056708516
2023-09-05,17:30:00,RIPON,Point Of Woods,6f,12,41.0,52.16,0.013819388
2023-09-05,17:30:00,RIPON,Marwari,6f,14,51.0,90.0,0.037964027
2023-09-05,17:30:00,RIPON,Fighting Chance,6f,7,126.0,190.0,0.0014272226
2023-09-05,17:30:00,RIPON,Wades Magic,6f,2,5.5,6.71,0.37901697
2023-09-05,17:30:00,RIPON,Dream Together,6f,8,6.0,6.31,0.15161406
2023-09-05,17:30:00,RIPON,Flavius Titus,6f,4,7.5,10.26,0.19040051
2023-09-05,17:30:00,RIPON,Glory Hallelujah,6f,13,8.0,7.63,0.16666378
2023-09-05,17:30:00,RIPON,Rich Waters,6f,5,11.0,13.61,0.19094044
2023-09-05,17:30:00,RIPON,Eldeyaar,6f,1,13.0,17.58,0.3274777
2023-09-05,17:30:00,RIPON,One For The Ladies,6f,11,13.0,16.5,0.081786476
2023-09-05,17:30:00,RIPON,Golden Prosperity,6f,10,15.0,14.85,0.65959674
2023-09-05,18:00:00,RIPON,Strong Johnson,6f,2,3.25,3.41,0.8219396
2023-09-05,18:00:00,RIPON,Motawaazy,6f,7,26.0,32.75,0.1201865
2023-09-05,18:00:00,RIPON,Object,6f,10,51.0,91.84,0.0046479395
2023-09-05,18:00:00,RIPON,Fortamour,6f,1,5.5,6.56,0.7514916
2023-09-05,18:00:00,RIPON,Oso Rapido,6f,5,8.5,11.28,0.35311452
2023-09-05,18:00:00,RIPON,Golden Duke,6f,6,9.0,10.23,0.2603217
2023-09-05,18:00:00,RIPON,Asadjumeirah,6f,4,10.0,13.45,0.06430932
2023-09-05,18:00:00,RIPON,Havana Pursuit,6f,8,11.0,14.65,0.07003568
2023-09-05,18:00:00,RIPON,Starproof,6f,11,12.0,17.74,0.021132259
2023-09-05,18:00:00,RIPON,Hurstwood,6f,3,12.0,15.2,0.23544966
2023-09-05,18:00:00,RIPON,Lily In The Jungle,6f,9,17.0,17.14,0.18683515
2023-09-05,18:30:00,RIPON,Eastern Charm,1m,1,4.0,6.22,0.102795415
2023-09-05,18:30:00,RIPON,Golden Melody,1m,4,4.0,4.23,0.30763176
2023-09-05,18:30:00,RIPON,Urban Decay,1m,7,4.5,5.0,0.4149157
2023-09-05,18:30:00,RIPON,Casilli,1m,5,5.5,6.4,0.4028413
2023-09-05,18:30:00,RIPON,Dungar Glory,1m,3,8.0,9.24,0.11381722
2023-09-05,18:30:00,RIPON,Gone,1m,2,12.0,9.6,0.1982782
2023-09-05,18:30:00,RIPON,Just Janet,1m,6,19.0,21.6,0.06458534
2023-09-05,19:00:00,RIPON,Edwina Sheeran,1m4f,1,2.63,2.93,0.418841
2023-09-05,19:00:00,RIPON,Blue Antares,1m4f,2,3.0,3.1,0.57525086
2023-09-05,19:00:00,RIPON,Lincoln Rockstar,1m4f,3,5.0,5.13,0.53216964
2023-09-05,19:00:00,RIPON,Optician,1m4f,4,7.5,8.34,0.4659708
2023-09-05,19:00:00,RIPON,Night Life,1m4f,5,23.0,32.0,0.072354235
2023-09-05,19:00:00,RIPON,Queenmambo,1m4f,6,51.0,110.16,0.08818474
2023-09-05,19:00:00,RIPON,Vale Dolobo Dancer,1m4f,7,81.0,179.56,0.032264017
2023-09-05,19:30:00,RIPON,Pacos Pride,1m,3,2.25,2.52,0.61295843
2023-09-05,19:30:00,RIPON,All Dunn,1m,1,4.0,4.55,0.6221399
2023-09-05,19:30:00,RIPON,Fortuitous Star,1m,5,6.5,6.76,0.30056074
2023-09-05,19:30:00,RIPON,Secret Joy,1m,7,8.5,10.91,0.25566563
2023-09-05,19:30:00,RIPON,Lukla,1m,4,10.0,11.37,0.2270509
2023-09-05,19:30:00,RIPON,Ribkana,1m,2,17.0,20.16,0.45490164
2023-09-05,19:30:00,RIPON,Missmimi,1m,6,151.0,234.12,0.001655952
2023-08-29,14:15:00,RIPON,Tarbaan,1m2f,3,4.33,4.7,0.80266774
2023-08-29,14:15:00,RIPON,Cedar Rapids,1m2f,8,67.0,83.06,0.021010133
2023-08-29,14:15:00,RIPON,Tele Red,1m2f,2,5.5,8.17,0.1312108
2023-08-29,14:15:00,RIPON,Bringbackmemories,1m2f,7,6.5,6.81,0.28911203
2023-08-29,14:15:00,RIPON,Unplugged,1m2f,4,7.5,10.0,0.07271504
2023-08-29,14:15:00,RIPON,Dungar Glory,1m2f,5,7.5,7.8,0.21714346
2023-08-29,14:15:00,RIPON,King Triton,1m2f,6,9.5,9.56,0.42934412
2023-08-29,14:15:00,RIPON,Magical Mile,1m2f,10,9.5,12.0,0.28893217
2023-08-29,14:15:00,RIPON,Bollin Margaret,1m2f,1,12.0,13.36,0.12811548
2023-08-29,14:15:00,RIPON,Master Of Combat,1m2f,9,26.0,35.21,0.09623526
2023-08-29,14:50:00,RIPON,South Shore,5f,2,2.63,2.95,0.63480234
2023-08-29,14:50:00,RIPON,Due For Luck,5f,1,3.0,3.0,0.8609611
2023-08-29,14:50:00,RIPON,Saint Matthew,5f,5,5.5,6.09,0.40070146
2023-08-29,14:50:00,RIPON,Instant Recall,5f,6,7.0,7.84,0.3024536
2023-08-29,14:50:00,RIPON,Fifty Grand Slater,5f,3,41.0,41.15,0.01839336
2023-08-29,14:50:00,RIPON,Bills Baar,5f,4,51.0,52.05,0.008083947
2023-08-29,15:25:00,RIPON,Be Here Now,5f,2,4.0,3.96,0.45004633
2023-08-29,15:25:00,RIPON,Scoops Ahoy,5f,3,4.5,5.0,0.575559
2023-08-29,15:25:00,RIPON,Tees Douge,5f,7,5.0,6.27,0.15461642
2023-08-29,15:25:00,RIPON,Chumbaa,5f,1,6.0,6.4,0.14290355
2023-08-29,15:25:00,RIPON,Reflexion Faite,5f,5,7.5,8.2,0.33417314
2023-08-29,15:25:00,RIPON,Vitarli,5f,4,11.0,12.46,0.13621542
2023-08-29,15:25:00,RIPON,Lottings Lass,5f,6,21.0,22.78,0.0697519
2023-08-29,16:00:00,RIPON,Impeller,6f,3,4.5,5.46,0.6720068
2023-08-29,16:00:00,RIPON,Toussarok,6f,10,21.0,27.0,0.19155411
2023-08-29,16:00:00,RIPON,Origintrail,6f,2,5.0,6.8,0.39303842
2023-08-29,16:00:00,RIPON,Twelfth Knight,6f,1,6.0,6.75,0.18506582
2023-08-29,16:00:00,RIPON,Showtime Mahomes,6f,6,7.5,8.47,0.2654699
2023-08-29,16:00:00,RIPON,Marks Choice,6f,8,8.5,8.41,0.26701552
2023-08-29,16:00:00,RIPON,Abate,6f,5,10.0,11.27,0.21927598
2023-08-29,16:00:00,RIPON,Shallow Hal,6f,9,15.0,18.0,0.05649926
2023-08-29,16:00:00,RIPON,Russco,6f,7,19.0,20.49,0.03426578
2023-08-29,16:00:00,RIPON,Catch Cunningham,6f,4,19.0,23.0,0.0268279
2023-08-29,16:30:00,RIPON,Cosmos Raj,1m,4,3.75,4.04,0.6753185
2023-08-29,16:30:00,RIPON,Satin Snake,1m,2,21.0,34.0,0.075987
2023-08-29,16:30:00,RIPON,Kovu,1m,12,81.0,175.37,0.012843843
2023-08-29,16:30:00,RIPON,Tobetso,1m,1,6.0,7.59,0.28068393
2023-08-29,16:30:00,RIPON,Pol Roger,1m,11,6.5,7.43,0.3911979
2023-08-29,16:30:00,RIPON,Touchwood,1m,3,9.0,11.0,0.4657802
2023-08-29,16:30:00,RIPON,Vondelpark,1m,10,9.5,11.5,0.2526104
2023-08-29,16:30:00,RIPON,Bungley,1m,6,10.0,10.02,0.21799187
2023-08-29,16:30:00,RIPON,Saisons DOr,1m,8,13.0,19.1,0.24665342
2023-08-29,16:30:00,RIPON,Motarajel,1m,5,13.0,18.87,0.29578638
2023-08-29,16:30:00,RIPON,End Zone,1m,9,19.0,27.52,0.044200726
2023-08-29,16:30:00,RIPON,Atlantic Heart,1m,7,19.0,30.49,0.089910515
2023-08-29,17:00:00,RIPON,Michaels Pledge,2m,2,3.25,3.08,0.5898942
2023-08-29,17:00:00,RIPON,Marbuzet,2m,3,4.33,5.1,0.6163587
2023-08-29,17:00:00,RIPON,Spantik,2m,1,4.5,4.75,0.67830235
2023-08-29,17:00:00,RIPON,Mass Consumption,2m,4,5.5,7.98,0.24720684
2023-08-29,17:00:00,RIPON,A Day To Dream,2m,6,13.0,17.5,0.09054693
2023-08-29,17:00:00,RIPON,Yasmin From York,2m,7,13.0,15.5,0.15007633
2023-08-29,17:00:00,RIPON,Beyond Beauty,2m,5,34.0,51.27,0.0034646431
2023-08-29,17:00:00,RIPON,Wheal Kitty,2m,8,67.0,81.39,0.020069083
2023-08-29,17:00:00,RIPON,Burnage Boy,2m,9,81.0,130.0,0.009467523
2023-08-28,14:25:00,RIPON,Jersey Rocs,6f,9,1.91,2.06,0.66351706
2023-08-28,14:25:00,RIPON,Veiled Illusion,6f,5,4.5,6.0,0.71418
2023-08-28,14:25:00,RIPON,Townsend Manor,6f,2,7.0,8.78,0.2873656
2023-08-28,14:25:00,RIPON,Theres No Limit,6f,3,8.0,9.98,0.36831143
2023-08-28,14:25:00,RIPON,Power Of Zeus,6f,1,13.0,17.0,0.35887977
2023-08-28,14:25:00,RIPON,This Years Love,6f,7,21.0,30.84,0.034616064
2023-08-28,14:25:00,RIPON,Batal Dandy,6f,6,34.0,70.0,0.011035266
2023-08-28,14:25:00,RIPON,Yiengaa,6f,4,67.0,150.0,0.037097342
2023-08-28,14:25:00,RIPON,The Man From Loule,6f,8,151.0,527.44,0.0061210087
2023-08-28,15:00:00,RIPON,Exposed,1m2f,1,1.4,1.4,0.9529567
2023-08-28,15:00:00,RIPON,Sindri,1m2f,2,3.25,4.8,0.7535633
2023-08-28,15:00:00,RIPON,Lukla,1m2f,3,26.0,50.0,0.033361066
2023-08-28,15:00:00,RIPON,J C International,1m2f,6,26.0,39.56,0.013780762
2023-08-28,15:00:00,RIPON,Zandora,1m2f,5,41.0,66.36,0.0042982246
2023-08-28,15:00:00,RIPON,Fly Awhile Johnny,1m2f,4,51.0,230.0,0.004279346
2023-08-28,15:35:00,RIPON,Task Force,6f,1,2.38,2.5,0.634046
2023-08-28,15:35:00,RIPON,Asadna,6f,6,5.0,6.12,0.36160076
2023-08-28,15:35:00,RIPON,Shagraan,6f,5,5.5,6.0,0.26758006
2023-08-28,15:35:00,RIPON,Seven Questions,6f,3,6.0,7.2,0.068342805
2023-08-28,15:35:00,RIPON,Matters Most,6f,2,9.0,11.27,0.026773999
2023-08-28,15:35:00,RIPON,Bombay Bazaar,6f,4,17.0,25.68,0.042545293
2023-08-28,16:10:00,RIPON,Kathab,1m,3,3.0,3.19,0.53641385
2023-08-28,16:10:00,RIPON,Isla Kai,1m,1,3.5,3.85,0.39952385
2023-08-28,16:10:00,RIPON,James McHenry,1m,6,8.0,10.67,0.052409764
2023-08-28,16:10:00,RIPON,Diamondonthehill,1m,5,9.0,10.5,0.17703196
2023-08-28,16:10:00,RIPON,United Front,1m,4,11.0,11.2,0.062319905
2023-08-28,16:10:00,RIPON,Another Batt,1m,8,12.0,15.43,0.09225057
2023-08-28,16:10:00,RIPON,Garden Oasis,1m,7,13.0,14.5,0.016679846
2023-08-28,16:10:00,RIPON,Maysong,1m,2,19.0,23.26,0.008192465
2023-08-28,16:45:00,RIPON,Cryptos Dream,1m2f,7,3.25,3.49,0.32365084
2023-08-28,16:45:00,RIPON,Calcutta Dream,1m2f,8,23.0,37.74,0.23905647
2023-08-28,16:45:00,RIPON,Thomas Cranmer,1m2f,5,34.0,43.48,0.011184685
2023-08-28,16:45:00,RIPON,Skedaddled,1m2f,11,34.0,60.0,0.014636362
2023-08-28,16:45:00,RIPON,Knights Spear,1m2f,12,51.0,114.32,0.0058742114
2023-08-28,16:45:00,RIPON,Mac Ailey,1m2f,3,6.0,7.41,0.03914726
2023-08-28,16:45:00,RIPON,Mr Heinz,1m2f,9,6.0,7.4,0.085338734
2023-08-28,16:45:00,RIPON,Dr Rio,1m2f,10,8.5,12.58,0.08820328
2023-08-28,16:45:00,RIPON,We Still Believe,1m2f,1,10.0,12.83,0.20749779
2023-08-28,16:45:00,RIPON,Coconut Bay,1m2f,13,13.0,20.0,0.39326322
2023-08-28,16:45:00,RIPON,Kells,1m2f,6,15.0,21.27,0.06714416
2023-08-28,16:45:00,RIPON,Bay Of Naples,1m2f,2,15.0,19.81,0.045636974
2023-08-28,16:45:00,RIPON,Jewel Of Kabeir,1m2f,4,17.0,24.0,0.17414692
2023-08-28,17:15:00,RIPON,Dogged,1m3f,1,2.38,2.4,0.54829437
2023-08-28,17:15:00,RIPON,Little Ted,1m3f,3,3.75,4.22,0.22164273
2023-08-28,17:15:00,RIPON,Billy Roberts,1m3f,2,4.0,4.9,0.43159047
2023-08-28,17:15:00,RIPON,Peroni,1m3f,4,11.0,14.0,0.13979357
2023-08-28,17:15:00,RIPON,Loom Large,1m3f,5,11.0,15.0,0.12912042
2023-08-19,13:35:00,RIPON,Prepschool,1m,1,2.63,2.68,0.57135516
2023-08-19,13:35:00,RIPON,American Glory,1m,4,5.5,6.62,0.16841868
2023-08-19,13:35:00,RIPON,Bits And Bobs,1m,3,6.5,8.2,0.25275794
2023-08-19,13:35:00,RIPON,Flying Fletcher,1m,9,7.0,8.85,0.41853315
2023-08-19,13:35:00,RIPON,Monsieur Melee,1m,5,8.5,10.45,0.21407348
2023-08-19,13:35:00,RIPON,The Hun,1m,2,11.0,15.5,0.10007805
2023-08-19,13:35:00,RIPON,Bay Of Australia,1m,7,19.0,28.07,0.033193592
2023-08-19,13:35:00,RIPON,Mister Daydream,1m,6,23.0,35.93,0.16520862
2023-08-19,13:35:00,RIPON,Mysteryofthesands,1m,8,101.0,220.0,0.0010753174
2023-08-19,14:10:00,RIPON,Government Call,6f,1,2.63,2.86,0.84902686
2023-08-19,14:10:00,RIPON,The Coffee Pod,6f,3,4.33,5.1,0.83718044
2023-08-19,14:10:00,RIPON,Tropical Island,6f,2,4.5,5.68,0.50787264
2023-08-19,14:10:00,RIPON,Cuban Slide,6f,5,5.5,5.77,0.21391907
2023-08-19,14:10:00,RIPON,Union Island,6f,4,17.0,24.43,0.41243833
2023-08-19,14:10:00,RIPON,Im Spartacus,6f,7,19.0,23.96,0.05084886
2023-08-19,14:10:00,RIPON,Frankie Valliance,6f,8,29.0,53.95,0.004179943
2023-08-19,14:10:00,RIPON,Bills Baar,6f,6,51.0,88.75,0.005153175
2023-08-19,14:40:00,RIPON,Strong Johnson,6f,3,7.0,7.4,0.12263162
2023-08-19,14:40:00,RIPON,Thornaby Pearl,6f,9,7.0,9.66,0.06529485
2023-08-19,14:40:00,RIPON,Snash,6f,5,15.0,23.0,0.14092092
2023-08-19,14:40:00,RIPON,Asadjumeirah,6f,6,15.0,23.0,0.041526858
2023-08-19,14:40:00,RIPON,American Star,6f,8,17.0,22.0,0.13773145
2023-08-19,14:40:00,RIPON,Thaki,6f,11,19.0,27.66,0.036012787
2023-08-19,14:40:00,RIPON,Jordan Electrics,6f,17,21.0,27.22,0.031200154
2023-08-19,14:40:00,RIPON,Northcliff,6f,10,23.0,38.0,0.0684343
2023-08-19,14:40:00,RIPON,Lotus Rose,6f,14,29.0,46.43,0.0035363398
2023-08-19,14:40:00,RIPON,Selbys Pride,6f,13,34.0,58.34,0.0032451043
2023-08-19,14:40:00,RIPON,Fortamour,6f,7,8.0,11.54,0.42155623
2023-08-19,14:40:00,RIPON,Cooperation,6f,12,8.5,10.27,0.43276045
2023-08-19,14:40:00,RIPON,Marks Choice,6f,16,11.0,16.09,0.14061159
2023-08-19,14:40:00,RIPON,Roundhay Park,6f,1,12.0,17.9,0.04370558
2023-08-19,14:40:00,RIPON,Impeller,6f,2,13.0,17.5,0.28069514
2023-08-19,14:40:00,RIPON,Prince Of Bel Lir,6f,4,13.0,16.6,0.2292679
2023-08-19,14:40:00,RIPON,Holbache,6f,15,13.0,17.46,0.098557375
2023-08-19,15:15:00,RIPON,Summerghand,6f,2,5.5,7.58,0.05231037
2023-08-19,15:15:00,RIPON,It Just Takes Time,6f,8,19.0,20.96,0.076906994
2023-08-19,15:15:00,RIPON,Raatea,6f,11,23.0,32.0,0.06659964
2023-08-19,15:15:00,RIPON,Brazen Bolt,6f,5,26.0,30.61,0.08509106
2023-08-19,15:15:00,RIPON,Twelfth Knight,6f,14,26.0,44.64,0.031423163
2023-08-19,15:15:00,RIPON,Aramis Grey,6f,16,34.0,61.56,0.0020498235
2023-08-19,15:15:00,RIPON,Bay Breeze,6f,18,34.0,72.21,0.0033518502
2023-08-19,15:15:00,RIPON,King Of Bavaria,6f,17,51.0,110.0,0.0007961456
2023-08-19,15:15:00,RIPON,Temple Bruer,6f,4,51.0,73.09,0.00076199364
2023-08-19,15:15:00,RIPON,Monsieur Kodi,6f,6,6.0,8.1,0.17187412
2023-08-19,15:15:00,RIPON,Wobwobwob,6f,3,6.0,7.4,0.27870047
2023-08-19,15:15:00,RIPON,Sophias Starlight,6f,1,8.0,8.72,0.042190783
2023-08-19,15:15:00,RIPON,Dream For Gold,6f,7,13.0,16.5,0.014124578
2023-08-19,15:15:00,RIPON,Hyperfocus,6f,9,15.0,19.73,0.06764784
2023-08-19,15:15:00,RIPON,Aphelios,6f,10,15.0,19.0,0.013086935
2023-08-19,15:15:00,RIPON,Live In The Moment,6f,13,15.0,20.99,0.082464546
2023-08-19,15:15:00,RIPON,Lakota Blue,6f,12,17.0,23.0,0.09884235
2023-08-19,15:15:00,RIPON,Gulliver,6f,15,17.0,21.89,0.09028511
2023-08-19,15:50:00,RIPON,Challet,1m,2,4.0,4.17,0.8272169
2023-08-19,15:50:00,RIPON,Skilled Warrior,1m,7,29.0,42.6,0.010886034
2023-08-19,15:50:00,RIPON,Larado,1m,11,34.0,65.0,0.013415525
2023-08-19,15:50:00,RIPON,Purple Gown,1m,5,67.0,128.15,0.0052334866
2023-08-19,15:50:00,RIPON,Spirit Catcher,1m,1,5.0,5.1,0.5804481
2023-08-19,15:50:00,RIPON,Indiana Be,1m,12,7.0,8.6,0.17975913
2023-08-19,15:50:00,RIPON,Ugo Gregory,1m,4,8.0,10.59,0.08853827
2023-08-19,15:50:00,RIPON,The Turpinator,1m,6,9.5,11.0,0.20001814
2023-08-19,15:50:00,RIPON,Dungar Glory,1m,8,10.0,15.28,0.09032579
2023-08-19,15:50:00,RIPON,Garden Oasis,1m,10,11.0,13.53,0.08947094
2023-08-19,15:50:00,RIPON,Freedom Day,1m,3,15.0,16.5,0.051801756
2023-08-19,15:50:00,RIPON,Gis A Sub,1m,9,26.0,40.0,0.056481812
2023-08-19,16:25:00,RIPON,Premiership,1m2f,3,3.0,3.34,0.49141452
2023-08-19,16:25:00,RIPON,Little Ted,1m2f,1,4.33,4.59,0.37412575
2023-08-19,16:25:00,RIPON,Cabinet Maker,1m2f,5,5.5,6.83,0.2618965
2023-08-19,16:25:00,RIPON,Irv,1m2f,6,5.5,6.2,0.19609031
2023-08-19,16:25:00,RIPON,Mac Ailey,1m2f,2,9.5,11.5,0.051244963
2023-08-19,16:25:00,RIPON,Ribkana,1m2f,7,26.0,36.37,0.072887175
2023-08-19,16:25:00,RIPON,Lord Warburton,1m2f,8,34.0,70.0,0.006727028
2023-08-19,16:25:00,RIPON,Casa Luna,1m2f,4,34.0,58.04,0.004798686
2023-08-19,16:58:00,RIPON,Anieres Girl,1m4f,8,4.0,4.37,0.59668523
2023-08-19,16:58:00,RIPON,Lincoln Rockstar,1m4f,2,4.0,3.9,0.6036971
2023-08-19,16:58:00,RIPON,Blue Antares,1m4f,1,4.33,4.67,0.40511236
2023-08-19,16:58:00,RIPON,King Harry,1m4f,5,6.5,8.58,0.5612136
2023-08-19,16:58:00,RIPON,Knights Spear,1m4f,3,12.0,14.5,0.02325051
2023-08-19,16:58:00,RIPON,Child Of Lir,1m4f,6,15.0,22.14,0.2772969
2023-08-19,16:58:00,RIPON,Queenmambo,1m4f,7,17.0,18.89,0.19055596
2023-08-19,16:58:00,RIPON,Beyond Beauty,1m4f,4,19.0,28.08,0.025188066
2023-08-08,18:10:00,RIPON,Temper Trap,1m,1,2.0,2.07,0.079249285
2023-08-08,18:10:00,RIPON,Bay Dream Believer,1m,5,5.0,6.07,0.229157
2023-08-08,18:10:00,RIPON,Chagall,1m,3,7.5,8.7,0.38084003
2023-08-08,18:10:00,RIPON,Antagonize,1m,4,8.5,10.5,0.31489506
2023-08-08,18:10:00,RIPON,Grangeclare View,1m,7,13.0,14.78,0.30787423
2023-08-08,18:10:00,RIPON,Jewel Of Kabeir,1m,2,13.0,14.13,0.2901025
2023-08-08,18:10:00,RIPON,Extinction,1m,6,23.0,32.32,0.023434727
2023-08-08,18:40:00,RIPON,Seven Questions,6f,1,2.1,2.28,0.9253732
2023-08-08,18:40:00,RIPON,Fighting Wren,6f,7,4.33,4.7,0.53966117
2023-08-08,18:40:00,RIPON,Spanish Rock,6f,3,5.0,6.07,0.29661006
2023-08-08,18:40:00,RIPON,Jersey Rocs,6f,2,7.0,7.64,0.24807607
2023-08-08,18:40:00,RIPON,Stash The Cash,6f,4,21.0,38.68,0.12726223
2023-08-08,18:40:00,RIPON,Barnaby,6f,5,29.0,48.74,0.057623994
2023-08-08,18:40:00,RIPON,Chillout Charlie,6f,8,41.0,93.62,0.0035852238
2023-08-08,18:40:00,RIPON,The Hat Lady,6f,8,81.0,227.17,0.0018409026
2023-08-08,18:40:00,RIPON,Forever Eighteen,6f,6,81.0,160.0,0.055236377
2023-08-08,19:10:00,RIPON,Maries Secret,6f,3,2.63,2.82,0.67582035
2023-08-08,19:10:00,RIPON,Granny Budgie,6f,1,4.5,4.91,0.6098119
2023-08-08,19:10:00,RIPON,Alfa Whiteburd,6f,5,5.0,6.27,0.27338538
2023-08-08,19:10:00,RIPON,Lochaber,6f,2,7.0,8.34,0.37922573
2023-08-08,19:10:00,RIPON,Chat Up Line,6f,4,7.0,9.43,0.4319486
2023-08-08,19:10:00,RIPON,Profitable Dreams,6f,6,51.0,112.97,0.0322655
2023-08-08,19:40:00,RIPON,Seendid,1m4f,4,2.63,2.95,0.83883905
2023-08-08,19:40:00,RIPON,Dasho Lennie,1m4f,1,3.0,3.37,0.6235434
2023-08-08,19:40:00,RIPON,Baileys Khelstar,1m4f,2,4.5,4.6,0.28632537
2023-08-08,19:40:00,RIPON,Whispering Royal,1m4f,3,8.0,9.42,0.25559765
2023-08-08,19:40:00,RIPON,Fantizzy,1m4f,5,21.0,27.0,0.15509045
2023-08-08,20:10:00,RIPON,Spanish Angel,5f,6,4.0,4.56,0.4010471
2023-08-08,20:10:00,RIPON,Latin Five,5f,1,4.33,5.6,0.7491504
2023-08-08,20:10:00,RIPON,High Opinion,5f,5,5.0,5.26,0.43037018
2023-08-08,20:10:00,RIPON,Albegone,5f,2,5.5,5.6,0.54449064
2023-08-08,20:10:00,RIPON,Malham Tarn Cove,5f,7,7.5,7.93,0.34574783
2023-08-08,20:10:00,RIPON,Imperial Khan,5f,4,9.5,9.48,0.24829426
2023-08-08,20:10:00,RIPON,Glory Hallelujah,5f,3,34.0,46.0,0.020955175
2023-08-08,20:40:00,RIPON,Your Spirit,5f,2,3.0,3.59,0.6811102
2023-08-08,20:40:00,RIPON,Profitable Edge,5f,1,3.25,2.93,0.49274066
2023-08-08,20:40:00,RIPON,Jazzagal,5f,3,3.5,4.33,0.6204926
2023-08-08,20:40:00,RIPON,Tantalus,5f,4,7.0,9.27,0.4444546
2023-08-07,14:45:00,RIPON,Nighteyes,6f,1,1.73,1.74,0.8748394
2023-08-07,14:45:00,RIPON,Roast Chestnut,6f,2,3.0,3.32,0.74889624
2023-08-07,14:45:00,RIPON,Chumbaa,6f,3,10.0,12.86,0.41565806
2023-08-07,14:45:00,RIPON,Treat Of Treats,6f,4,17.0,29.22,0.26642618
2023-08-07,14:45:00,RIPON,Nzinga,6f,5,41.0,72.7,0.012181612
2023-08-07,15:20:00,RIPON,Corellian Star,5f,2,2.5,2.62,0.8256907
2023-08-07,15:20:00,RIPON,Havana Pursuit,5f,1,3.75,4.35,0.64789253
2023-08-07,15:20:00,RIPON,Juri,5f,8,5.0,9.67,0.289279
2023-08-07,15:20:00,RIPON,No More Heroes,5f,3,6.0,7.1,0.25889724
2023-08-07,15:20:00,RIPON,Haworth Star,5f,7,12.0,16.0,0.13226853
2023-08-07,15:20:00,RIPON,Opal Storm,5f,4,26.0,43.68,0.11016391
2023-08-07,15:20:00,RIPON,Bonny Scot,5f,6,41.0,60.0,0.009982161
2023-08-07,15:20:00,RIPON,Frank The Spark,5f,5,81.0,122.43,0.0044744443
2023-08-07,15:55:00,RIPON,Ey Up Its Maggie,5f,1,2.25,2.22,0.6639763
2023-08-07,15:55:00,RIPON,Storm Fox,5f,3,4.33,4.88,0.66580015
2023-08-07,15:55:00,RIPON,Mrs Trump,5f,4,5.0,5.8,0.59775925
2023-08-07,15:55:00,RIPON,Origintrail,5f,2,7.5,9.77,0.500014
2023-08-07,15:55:00,RIPON,Selbys Pride,5f,5,10.0,12.0,0.26312202
2023-08-07,16:30:00,RIPON,Fortamour,6f,2,3.0,3.15,0.4570529
2023-08-07,16:30:00,RIPON,Bay Breeze,6f,1,3.5,3.65,0.5642898
2023-08-07,16:30:00,RIPON,Twelfth Knight,6f,3,3.75,3.8,0.47528666
2023-08-07,16:30:00,RIPON,Faro De San Juan,6f,4,5.0,6.17,0.27937484
2023-08-07,17:05:00,RIPON,Zarabanda,1m2f,1,4.0,4.01,0.27318132
2023-08-07,17:05:00,RIPON,Lerwick,1m2f,2,4.0,3.82,0.45243996
2023-08-07,17:05:00,RIPON,Poets Dawn,1m2f,3,5.0,5.28,0.12518409
2023-08-07,17:05:00,RIPON,Strawman,1m2f,7,6.5,6.25,0.4010304
2023-08-07,17:05:00,RIPON,Casilli,1m2f,4,7.5,9.29,0.32143885
2023-08-07,17:05:00,RIPON,Vallamorey,1m2f,5,12.0,12.82,0.23367414
2023-08-07,17:05:00,RIPON,Very Excellent,1m2f,6,34.0,54.54,0.007389571
2023-08-07,17:40:00,RIPON,Eastern Charm,1m,1,1.73,1.89,0.52640724
2023-08-07,17:40:00,RIPON,Mister Sox,1m,3,3.25,3.45,0.39130956
2023-08-07,17:40:00,RIPON,Purnika,1m,5,8.5,10.63,0.4394952
2023-08-07,17:40:00,RIPON,Violeta,1m,4,12.0,16.55,0.20707668
2023-08-07,17:40:00,RIPON,Global Crisis,1m,6,26.0,55.0,0.1875861
2023-08-07,17:40:00,RIPON,Starshot,1m,2,67.0,127.43,0.023654614
2023-07-22,14:46:00,RIPON,Tropical Island,5f,1,2.75,2.91,0.47006696
2023-07-22,14:46:00,RIPON,Mutasawi,5f,2,3.0,3.11,0.65815896
2023-07-22,14:46:00,RIPON,Mirroring,5f,3,6.0,6.76,0.40524316
2023-07-22,14:46:00,RIPON,Cast No Shadow,5f,6,6.5,8.26,0.14056623
2023-07-22,14:46:00,RIPON,Drinkable,5f,4,17.0,31.04,0.2605264
2023-07-22,14:46:00,RIPON,Tropical Air,5f,5,26.0,32.54,0.21351923
2023-07-22,14:46:00,RIPON,Good Morning Alex,5f,7,34.0,65.0,0.010572444
2023-07-22,15:20:00,RIPON,Unequal Love,6f,1,2.1,1.94,0.90755856
2023-07-22,15:20:00,RIPON,Billyjoh,6f,3,3.75,4.2,0.8542532
2023-07-22,15:20:00,RIPON,Elusive Angel,6f,2,4.33,5.32,0.62376225
2023-07-22,15:20:00,RIPON,Evenstar,6f,7,9.5,12.5,0.15588513
2023-07-22,15:20:00,RIPON,Haworth Star,6f,5,26.0,49.87,0.11866921
2023-07-22,15:20:00,RIPON,Havana Pursuit,6f,4,51.0,95.0,0.007465002
2023-07-22,15:20:00,RIPON,Minack,6f,8,51.0,100.35,0.026972767
2023-07-22,15:20:00,RIPON,Enamay,6f,9,251.0,742.82,0.0015036187
2023-07-22,15:20:00,RIPON,Missmimi,6f,6,401.0,960.0,0.0009850332
2023-07-22,15:56:00,RIPON,Blueflagflyinghigh,1m2f,7,3.75,3.91,0.30845678
2023-07-22,15:56:00,RIPON,Baltic Voyage,1m2f,1,4.2,5.02,0.5246447
2023-07-22,15:56:00,RIPON,Gareeb,1m2f,6,5.0,5.93,0.42105052
2023-07-22,15:56:00,RIPON,Cosmos Raj,1m2f,5,9.0,10.81,0.2865836
2023-07-22,15:56:00,RIPON,Casilli,1m2f,3,9.5,12.0,0.13006948
2023-07-22,15:56:00,RIPON,Dungar Glory,1m2f,4,11.0,11.5,0.17226744
2023-07-22,15:56:00,RIPON,Poets Dawn,1m2f,2,11.0,13.0,0.052481566
2023-07-22,15:56:00,RIPON,Tabuk,1m2f,8,21.0,24.0,0.091391884
2023-07-22,16:30:00,RIPON,Chillingham,1m4f,2,1.83,1.92,0.7809629
2023-07-22,16:30:00,RIPON,Mr Curiosity,1m4f,1,7.0,8.14,0.13347061
2023-07-22,16:30:00,RIPON,Dark Jedi,1m4f,5,8.0,9.74,0.2326314
2023-07-22,16:30:00,RIPON,Sir Rumi,1m4f,6,10.0,11.18,0.29928786
2023-07-22,16:30:00,RIPON,Thundering,1m4f,7,12.0,13.0,0.077490054
2023-07-22,16:30:00,RIPON,Charging Thunder,1m4f,4,13.0,16.94,0.10743352
2023-07-22,16:30:00,RIPON,Pride Of Priory,1m4f,3,15.0,20.33,0.13183357
2023-07-22,17:05:00,RIPON,Spirit Catcher,1m,7,4.0,4.6,0.412704
2023-07-22,17:05:00,RIPON,Copper And Five,1m,5,21.0,27.0,0.034053456
2023-07-22,17:05:00,RIPON,Floral Splendour,1m,11,23.0,32.79,0.054409694
2023-07-22,17:05:00,RIPON,Cassy O,1m,3,26.0,40.0,0.03591157
2023-07-22,17:05:00,RIPON,Baltimore Boy,1m,10,6.0,6.88,0.28982434
2023-07-22,17:05:00,RIPON,Golden Melody,1m,2,9.5,10.5,0.061186183
2023-07-22,17:05:00,RIPON,Hortzadar,1m,6,9.5,10.5,0.22047068
2023-07-22,17:05:00,RIPON,Young Fire,1m,8,10.0,13.14,0.082581304
2023-07-22,17:05:00,RIPON,Wobwobwob,1m,UR,10.0,13.37,0.18751931
2023-07-22,17:05:00,RIPON,Another Batt,1m,1,12.0,14.77,0.03214237
2023-07-22,17:05:00,RIPON,Imperial Sands,1m,9,13.0,14.42,0.15666854
2023-07-22,17:05:00,RIPON,Innse Gall,1m,4,13.0,19.2,0.19612552
2023-07-22,17:40:00,RIPON,Thornaby Pearl,6f,1,2.63,2.66,0.6091907
2023-07-22,17:40:00,RIPON,Wreck It Ryley,6f,3,6.0,6.6,0.4454904
2023-07-22,17:40:00,RIPON,Miss Willows,6f,4,6.0,7.4,0.33144888
2023-07-22,17:40:00,RIPON,Glendown,6f,5,6.0,7.8,0.28294224
2023-07-22,17:40:00,RIPON,South Dakota Sioux,6f,6,8.0,9.4,0.3344267
2023-07-22,17:40:00,RIPON,Zegos Surprise,6f,2,8.0,7.41,0.15559791
2023-07-22,17:40:00,RIPON,Strength n Honour,6f,7,34.0,60.0,0.025486516
2023-07-10,18:15:00,RIPON,Geologist,6f,1,1.62,1.73,0.78081703
2023-07-10,18:15:00,RIPON,Bellarchi,6f,2,4.33,5.45,0.32106653
2023-07-10,18:15:00,RIPON,Arizona Desert,6f,3,6.0,7.0,0.38945487
2023-07-10,18:15:00,RIPON,Carnaby Princess,6f,5,15.0,26.66,0.24663593
2023-07-10,18:15:00,RIPON,Nevzilla,6f,8,26.0,43.88,0.014185604
2023-07-10,18:15:00,RIPON,Dear Mary,6f,6,29.0,105.14,0.061835196
2023-07-10,18:15:00,RIPON,Loubiere,6f,4,41.0,120.0,0.011438175
2023-07-10,18:15:00,RIPON,Roswood,6f,7,101.0,592.73,0.0025073863
2023-07-10,18:50:00,RIPON,Kathab,1m,1,1.13,1.16,0.9594855
2023-07-10,18:50:00,RIPON,Sanction,1m,3,7.0,8.96,0.6740846
2023-07-10,18:50:00,RIPON,Knights Affair,1m,2,21.0,32.0,0.08116184
2023-07-10,18:50:00,RIPON,On Sabbatical,1m,4,67.0,236.85,0.026426023
2023-07-10,19:20:00,RIPON,Cosmos Raj,1m,1,6.0,7.45,0.5768622
2023-07-10,19:20:00,RIPON,Asdaa,1m,10,23.0,34.04,0.008305168
2023-07-10,19:20:00,RIPON,Copper And Five,1m,5,6.5,7.8,0.23742078
2023-07-10,19:20:00,RIPON,Global Spirit,1m,6,6.5,6.8,0.27120042
2023-07-10,19:20:00,RIPON,Ey Up Its The Boss,1m,2,7.0,7.22,0.3814417
2023-07-10,19:20:00,RIPON,Saisons DOr,1m,3,8.5,10.5,0.24531576
2023-07-10,19:20:00,RIPON,Diamond Haze,1m,9,9.0,10.5,0.34871545
2023-07-10,19:20:00,RIPON,Makalu,1m,4,11.0,12.42,0.290372
2023-07-10,19:20:00,RIPON,Little Ted,1m,7,11.0,14.0,0.3974039
2023-07-10,19:20:00,RIPON,Zumurud,1m,8,11.0,13.64,0.04578487
2023-07-10,19:55:00,RIPON,Coverdale,1m2f,1,2.88,3.02,0.29024148
2023-07-10,19:55:00,RIPON,Perfect Play,1m2f,2,5.5,6.2,0.21078497
2023-07-10,19:55:00,RIPON,Merry Minister,1m2f,6,5.5,5.68,0.43982434
2023-07-10,19:55:00,RIPON,Baryshnikov,1m2f,4,6.5,8.12,0.49331892
2023-07-10,19:55:00,RIPON,Piecederesistance,1m2f,5,9.5,10.53,0.15768912
2023-07-10,19:55:00,RIPON,My Little Queens,1m2f,3,11.0,13.85,0.11781131
2023-07-10,19:55:00,RIPON,Oh So Charming,1m2f,7,15.0,17.96,0.06186981
2023-07-10,20:30:00,RIPON,Edwina Sheeran,1m4f,1,2.38,2.39,0.3012341
2023-07-10,20:30:00,RIPON,Alex The Great,1m4f,7,3.0,3.41,0.7330082
2023-07-10,20:30:00,RIPON,Churchella,1m4f,3,6.5,8.0,0.44760492
2023-07-10,20:30:00,RIPON,Blue Antares,1m4f,2,8.5,10.81,0.27935144
2023-07-10,20:30:00,RIPON,Future Times,1m4f,4,13.0,17.5,0.1452404
2023-07-10,20:30:00,RIPON,Deshi Girl,1m4f,6,41.0,67.06,0.00460721
2023-07-10,20:30:00,RIPON,Rajawail,1m4f,5,67.0,120.0,0.002402692
2023-07-10,21:00:00,RIPON,Glendown,6f,1,3.75,3.98,0.58110166
2023-07-10,21:00:00,RIPON,Mrs Trump,6f,4,4.33,5.6,0.44060487
2023-07-10,21:00:00,RIPON,Fortuitous Star,6f,3,5.0,5.68,0.65865004
2023-07-10,21:00:00,RIPON,Bryce,6f,2,7.0,8.86,0.42734972
2023-07-10,21:00:00,RIPON,Made Of Lir,6f,5,7.0,8.14,0.25760522
2023-07-10,21:00:00,RIPON,Aurora Glory,6f,6,8.0,8.48,0.54081374
2023-07-10,21:00:00,RIPON,Spurn Point,6f,8,34.0,68.66,0.0057180827
2023-07-10,21:00:00,RIPON,The Camacho Kid,6f,7,51.0,68.92,0.00566037
2023-06-22,13:45:00,RIPON,Valley Of Flowers,1m4f,2,5.0,5.86,0.4144956
2023-06-22,13:45:00,RIPON,Her Way,1m4f,6,5.0,6.0,0.30345252
2023-06-22,13:45:00,RIPON,Sameem,1m4f,1,5.5,6.52,0.28278255
2023-06-22,13:45:00,RIPON,Jamih,1m4f,4,6.5,7.88,0.16381322
2023-06-22,13:45:00,RIPON,The Resdev Way,1m4f,5,9.0,11.01,0.15196235
2023-06-22,13:45:00,RIPON,Top Attraction,1m4f,7,10.0,12.0,0.09845846
2023-06-22,13:45:00,RIPON,Point Of Honour,1m4f,3,11.0,10.61,0.13167353
2023-06-22,13:45:00,RIPON,Good Impression,1m4f,8,13.0,14.5,0.12052832
2023-06-22,13:45:00,RIPON,Starlight Rose,1m4f,9,13.0,13.91,0.08983723
2023-06-22,14:15:00,RIPON,Barg,6f,1,2.0,1.97,0.6555653
2023-06-22,14:15:00,RIPON,Arran Bay,6f,13,51.0,150.0,0.0019582245
2023-06-22,14:15:00,RIPON,Master Eli,6f,9,67.0,180.17,0.003428688
2023-06-22,14:15:00,RIPON,Catton Lady,6f,4,5.0,6.37,0.31954938
2023-06-22,14:15:00,RIPON,Swiftly,6f,6,7.0,9.01,0.038382515
2023-06-22,14:15:00,RIPON,Bay Of Australia,6f,2,9.0,9.2,0.023713779
2023-06-22,14:15:00,RIPON,Mr Irrelevant,6f,3,17.0,28.4,0.06350123
2023-06-22,14:15:00,RIPON,Due Consideration,6f,7,26.0,30.11,0.0050141914
2023-06-22,14:15:00,RIPON,Vince LAmour,6f,8,26.0,33.0,0.003482125
2023-06-22,14:15:00,RIPON,Crack The Kode,6f,10,29.0,56.93,0.032022268
2023-06-22,14:15:00,RIPON,Forever Eighteen,6f,11,34.0,67.13,0.00687829
2023-06-22,14:15:00,RIPON,Ifonlytheycudtalk,6f,12,34.0,84.95,0.028355686
2023-06-22,14:15:00,RIPON,Carnaby Princess,6f,5,34.0,63.46,0.06155661
2023-06-22,14:50:00,RIPON,Indian Sounds,6f,1,3.5,3.74,0.40618974
2023-06-22,14:50:00,RIPON,Hurstwood,6f,3,5.5,6.75,0.63521427
2023-06-22,14:50:00,RIPON,Claim The Stars,6f,6,5.5,6.45,0.79222393
2023-06-22,14:50:00,RIPON,Woodlands Charm,6f,7,7.0,7.94,0.47782192
2023-06-22,14:50:00,RIPON,Lezardrieux,6f,8,9.5,11.22,0.11511774
2023-06-22,14:50:00,RIPON,John Kirkup,6f,4,9.5,11.3,0.039035216
2023-06-22,14:50:00,RIPON,Mumcat,6f,5,12.0,14.0,0.46861303
2023-06-22,14:50:00,RIPON,Round The Island,6f,2,15.0,18.56,0.10044923
2023-06-22,14:50:00,RIPON,Point Of Woods,6f,9,34.0,52.33,0.01334066
2023-06-22,15:25:00,RIPON,It Just Takes Time,6f,6,3.25,3.64,0.54365987
2023-06-22,15:25:00,RIPON,Twelfth Knight,6f,3,4.2,4.44,0.32787263
2023-06-22,15:25:00,RIPON,Strike Red,6f,2,5.0,4.8,0.4009118
2023-06-22,15:25:00,RIPON,Bay Breeze,6f,5,6.0,7.0,0.11355429
2023-06-22,15:25:00,RIPON,Justanotherbottle,6f,1,10.0,10.5,0.022644445
2023-06-22,15:25:00,RIPON,Open Mind,6f,4,12.0,15.99,0.10778524
2023-06-22,16:05:00,RIPON,Greek Giant,1m4f,2,1.83,2.13,0.5402389
2023-06-22,16:05:00,RIPON,Lough Leane,1m4f,3,3.75,4.0,0.5185289
2023-06-22,16:05:00,RIPON,Edwina Sheeran,1m4f,1,7.0,7.85,0.58001554
2023-06-22,16:05:00,RIPON,Have You A Minute,1m4f,6,7.5,9.6,0.07714524
2023-06-22,16:05:00,RIPON,American Oak,1m4f,5,23.0,35.19,0.052933704
2023-06-22,16:05:00,RIPON,Miss Raindrop,1m4f,4,51.0,94.3,0.02780409
2023-06-22,16:05:00,RIPON,Beyond Beauty,1m4f,7,67.0,98.41,0.0047811745
2023-06-22,16:45:00,RIPON,Rievaulx Raver,1m2f,6,4.0,4.42,0.5463681
2023-06-22,16:45:00,RIPON,Nefyn Dawn,1m2f,10,29.0,103.95,0.020753834
2023-06-22,16:45:00,RIPON,Sandret,1m2f,5,29.0,37.82,0.026624633
2023-06-22,16:45:00,RIPON,Falcon Nine,1m2f,4,5.0,6.37,0.12186903
2023-06-22,16:45:00,RIPON,Sir Jock Bennett,1m2f,PU,6.0,7.0,0.15320024
2023-06-22,16:45:00,RIPON,Blueflagflyinghigh,1m2f,1,7.0,8.72,0.46590364
2023-06-22,16:45:00,RIPON,Nakano,1m2f,9,7.5,8.72,0.22509621
2023-06-22,16:45:00,RIPON,Cosmos Raj,1m2f,2,12.0,17.06,0.3268778
2023-06-22,16:45:00,RIPON,Maffeo Barberini,1m2f,8,13.0,14.56,0.19139686
2023-06-22,16:45:00,RIPON,Flame Spirit,1m2f,7,15.0,20.87,0.17720081
2023-06-22,16:45:00,RIPON,Western Beat,1m2f,3,26.0,32.0,0.12127877
2023-06-22,17:15:00,RIPON,Barrolo,1m,1,2.38,2.76,0.6806986
2023-06-22,17:15:00,RIPON,Bernie The Bear,1m,3,3.25,3.35,0.19711939
2023-06-22,17:15:00,RIPON,Ribkana,1m,4,9.0,10.5,0.2379176
2023-06-22,17:15:00,RIPON,Urban Champion,1m,6,9.0,9.8,0.32821158
2023-06-22,17:15:00,RIPON,Asgards Captain,1m,1,9.5,12.0,0.11368732
2023-06-22,17:15:00,RIPON,Girl From Italy,1m,5,15.0,17.66,0.100386575
2023-06-21,17:26:00,RIPON,Indispensable,5f,1,1.73,1.78,0.77700853
2023-06-21,17:26:00,RIPON,Foxfield,5f,8,126.0,300.0,0.0058487435
2023-06-21,17:26:00,RIPON,Ziggys Queen,5f,2,5.5,7.0,0.5546296
2023-06-21,17:26:00,RIPON,Specific Times,5f,4,11.0,15.07,0.1888484
2023-06-21,17:26:00,RIPON,Full Gambit,5f,6,11.0,14.83,0.2510762
2023-06-21,17:26:00,RIPON,Shamardia,5f,7,17.0,20.0,0.03539976
2023-06-21,17:26:00,RIPON,Mammy,5f,5,19.0,32.0,0.0701453
2023-06-21,17:26:00,RIPON,Im So Dizzy,5f,3,19.0,34.68,0.055730924
2023-06-21,17:26:00,RIPON,Divergency,5f,10,19.0,23.5,0.030570436
2023-06-21,17:26:00,RIPON,Harswell Star,5f,9,81.0,107.37,0.112731546
2023-06-21,18:01:00,RIPON,Bondi Bay,6f,1,1.91,2.06,0.9421108
2023-06-21,18:01:00,RIPON,Bright,6f,2,2.5,2.76,0.74948883
2023-06-21,18:01:00,RIPON,Moralisa,6f,3,9.0,10.55,0.48131666
2023-06-21,18:01:00,RIPON,Little Man,6f,5,29.0,54.87,0.013842107
2023-06-21,18:01:00,RIPON,Manila Style,6f,4,41.0,84.34,0.0062679453
2023-06-21,18:01:00,RIPON,Jailhouse Rock,6f,6,51.0,116.0,0.016128082
2023-06-21,18:35:00,RIPON,Khinjani,1m2f,4,3.5,3.85,0.6848572
2023-06-21,18:35:00,RIPON,Bloomwithgrace,1m2f,2,4.0,4.7,0.29329666
2023-06-21,18:35:00,RIPON,Anjo Bonita,1m2f,6,5.5,5.8,0.23789997
2023-06-21,18:35:00,RIPON,Gareeb,1m2f,3,6.5,7.8,0.37755278
2023-06-21,18:35:00,RIPON,Violeta,1m2f,7,10.0,11.96,0.08818236
2023-06-21,18:35:00,RIPON,Emilys Eclipse,1m2f,5,13.0,16.7,0.101190664
2023-06-21,18:35:00,RIPON,Dungar Glory,1m2f,1,15.0,19.16,0.16639555
2023-06-21,18:35:00,RIPON,Kittykarma,1m2f,8,26.0,32.0,0.017552305
2023-06-21,19:10:00,RIPON,Mutaany,6f,1,4.0,3.7,0.37132797
2023-06-21,19:10:00,RIPON,Another Baar,6f,3,4.0,3.78,0.3401136
2023-06-21,19:10:00,RIPON,Rock Of England,6f,2,4.33,3.89,0.5901158
2023-06-21,19:10:00,RIPON,Wreck It Ryley,6f,6,10.0,10.47,0.12322633
2023-06-21,19:10:00,RIPON,Wen Moon,6f,5,13.0,14.09,0.029971806
2023-06-21,19:10:00,RIPON,Brother Sebastian,6f,7,26.0,35.44,0.019660706
2023-06-21,19:10:00,RIPON,Lily In The Jungle,6f,4,29.0,38.66,0.0121042
2023-06-21,19:10:00,RIPON,Hoof It Hoof It,6f,8,34.0,50.96,0.0021713183
2023-06-21,19:40:00,RIPON,Knightswood,1m4f,1,3.75,3.83,0.64505845
2023-06-21,19:40:00,RIPON,Zimmerman,1m4f,6,4.0,4.25,0.2998153
2023-06-21,19:40:00,RIPON,Captain Kane,1m4f,2,6.0,7.4,0.34020987
2023-06-21,19:40:00,RIPON,Arrange,1m4f,RR,7.5,9.11,0.34182924
2023-06-21,19:40:00,RIPON,Strawman,1m4f,3,8.5,10.59,0.27337426
2023-06-21,19:40:00,RIPON,Auld Toon Loon,1m4f,5,9.0,11.5,0.04336572
2023-06-21,19:40:00,RIPON,Croeso Cymraeg,1m4f,4,10.0,12.12,0.0647299
2023-06-21,20:10:00,RIPON,Gullane One,6f,4,3.0,2.9,0.18882976
2023-06-21,20:10:00,RIPON,Ginato,6f,3,4.33,5.1,0.48576152
2023-06-21,20:10:00,RIPON,Flavius Titus,6f,2,6.0,7.38,0.1524947
2023-06-21,20:10:00,RIPON,Made Of Lir,6f,1,8.5,10.5,0.33081716
2023-06-21,20:10:00,RIPON,Bedazzling,6f,6,13.0,16.0,0.14348987
2023-06-21,20:10:00,RIPON,Wrenegade Lad,6f,7,17.0,22.2,0.052296966
2023-06-21,20:10:00,RIPON,Zebadaay,6f,5,17.0,21.28,0.057802886
2023-06-21,20:10:00,RIPON,Azaim,6f,9,19.0,29.12,0.011197306
2023-06-21,20:10:00,RIPON,Lady Ziana,6f,8,23.0,35.39,0.07151579
2023-06-21,20:40:00,RIPON,Canaria Prince,5f,3,4.33,5.02,0.8506092
2023-06-21,20:40:00,RIPON,Northern Chancer,5f,9,34.0,48.68,0.00689092
2023-06-21,20:40:00,RIPON,Ecclesiastical,5f,1,5.0,5.96,0.7698924
2023-06-21,20:40:00,RIPON,Golden Gal,5f,5,6.5,7.42,0.58798575
2023-06-21,20:40:00,RIPON,Hard Solution,5f,6,6.5,7.4,0.048538852
2023-06-21,20:40:00,RIPON,Hot Scoop,5f,4,8.0,9.45,0.34427875
2023-06-21,20:40:00,RIPON,James Watt,5f,7,9.0,9.95,0.23236029
2023-06-21,20:40:00,RIPON,Cheyenne Nation,5f,8,12.0,14.5,0.26876074
2023-06-21,20:40:00,RIPON,Golden Prosperity,5f,2,17.0,24.68,0.3742175
2023-06-21,20:40:00,RIPON,Primo,5f,PU,23.0,36.0,0.043565676
2023-06-07,17:37:00,RIPON,Knicks,5f,3,2.38,2.58,0.8399927
2023-06-07,17:37:00,RIPON,Desert Master,5f,7,2.75,2.74,0.7639421
2023-06-07,17:37:00,RIPON,Alghalib,5f,4,7.0,7.91,0.2199232
2023-06-07,17:37:00,RIPON,Mutasawi,5f,2,11.0,13.46,0.21834551
2023-06-07,17:37:00,RIPON,Biloxi Boy,5f,1,21.0,20.38,0.08484001
2023-06-07,17:37:00,RIPON,Louella,5f,6,41.0,65.0,0.015279312
2023-06-07,17:37:00,RIPON,Malibu Sunrise,5f,5,51.0,94.26,0.021992467
2023-06-07,18:10:00,RIPON,Rogue Sea,1m3f,1,1.83,1.97,0.7726443
2023-06-07,18:10:00,RIPON,King Me,1m3f,3,4.5,4.83,0.5767328
2023-06-07,18:10:00,RIPON,Page Three,1m3f,4,6.0,7.2,0.51089877
2023-06-07,18:10:00,RIPON,Palio,1m3f,2,9.0,11.92,0.09643112
2023-06-07,18:10:00,RIPON,Cig,1m3f,6,17.0,21.79,0.09939647
2023-06-07,18:10:00,RIPON,Sam Sarphati,1m3f,5,67.0,137.43,0.0035318295
2023-06-07,18:40:00,RIPON,Ludos Landing,1m,8,3.5,3.55,0.5219362
2023-06-07,18:40:00,RIPON,Laser Guided,1m,1,4.33,5.1,0.54753745
2023-06-07,18:40:00,RIPON,Rievaulx Raver,1m,1,6.5,7.6,0.41699713
2023-06-07,18:40:00,RIPON,Young And Fun,1m,3,6.5,7.82,0.6353829
2023-06-07,18:40:00,RIPON,New Tycoon,1m,7,8.0,9.29,0.049480308
2023-06-07,18:40:00,RIPON,Flame Spirit,1m,5,11.0,12.04,0.14969312
2023-06-07,18:40:00,RIPON,Leap Year Lad,1m,4,15.0,17.67,0.24207437
2023-06-07,18:40:00,RIPON,Headabovetherest,1m,9,41.0,70.22,0.0055304915
2023-06-07,18:40:00,RIPON,Duke Of Wybourne,1m,6,51.0,83.0,0.0035683906
2023-06-07,19:10:00,RIPON,Barrolo,1m,1,3.5,3.6,0.31842577
2023-06-07,19:10:00,RIPON,Rockonmecca,1m,3,4.0,4.07,0.41314766
2023-06-07,19:10:00,RIPON,Blue Antares,1m,4,4.33,4.71,0.5644612
2023-06-07,19:10:00,RIPON,Ribkana,1m,2,5.0,6.4,0.10452445
2023-06-07,19:10:00,RIPON,Patriots Choice,1m,7,12.0,18.48,0.1909182
2023-06-07,19:10:00,RIPON,Must Catch Up,1m,6,17.0,22.0,0.098052986
2023-06-07,19:10:00,RIPON,Conceito,1m,8,29.0,51.29,0.0055874605
2023-06-07,19:10:00,RIPON,Cwenhild,1m,5,51.0,97.7,0.029739881
2023-06-07,19:40:00,RIPON,Leap Abroad,6f,6,3.0,3.19,0.27493075
2023-06-07,19:40:00,RIPON,It Just Takes Time,6f,1,4.5,5.26,0.7941474
2023-06-07,19:40:00,RIPON,Bay Breeze,6f,3,5.0,6.6,0.22100665
2023-06-07,19:40:00,RIPON,Intrinsic Bond,6f,8,8.5,10.5,0.16089752
2023-06-07,19:40:00,RIPON,Fortamour,6f,5,10.0,12.65,0.20644803
2023-06-07,19:40:00,RIPON,Twelfth Knight,6f,2,10.0,11.23,0.028379295
2023-06-07,19:40:00,RIPON,Gulliver,6f,4,15.0,19.07,0.025870172
2023-06-07,19:40:00,RIPON,Justanotherbottle,6f,7,29.0,31.29,0.005085537
2023-06-07,20:15:00,RIPON,Haizoom,2m,1,1.57,1.56,0.7345047
2023-06-07,20:15:00,RIPON,Lord Caprio,2m,2,4.5,5.59,0.5099507
2023-06-07,20:15:00,RIPON,Oasis Prince,2m,3,7.5,8.77,0.5892855
2023-06-07,20:15:00,RIPON,Parliament Hill,2m,4,11.0,12.1,0.23347892
2023-06-07,20:45:00,RIPON,Albegone,5f,6,2.5,2.59,0.767983
2023-06-07,20:45:00,RIPON,Soul Seeker,5f,2,5.0,5.3,0.6286581
2023-06-07,20:45:00,RIPON,Mereside Angel,5f,3,5.0,6.16,0.5594391
2023-06-07,20:45:00,RIPON,Caribbean Sunset,5f,4,9.0,9.89,0.3847826
2023-06-07,20:45:00,RIPON,Brian The Snail,5f,1,9.0,10.0,0.15528452
2023-06-07,20:45:00,RIPON,Birkenhead,5f,5,11.0,12.64,0.10281683
2023-06-01,14:20:00,RIPON,Pretty Crystal,6f,1,2.63,2.74,0.6110803
2023-06-01,14:20:00,RIPON,Fast Love,6f,6,81.0,175.68,0.0027274692
2023-06-01,14:20:00,RIPON,Tokyo Drift,6f,3,4.33,5.17,0.5180915
2023-06-01,14:20:00,RIPON,Snafiya,6f,2,5.5,6.24,0.33959192
2023-06-01,14:20:00,RIPON,Melisende,6f,4,8.0,9.42,0.4168587
2023-06-01,14:20:00,RIPON,Baynoona,6f,5,12.0,13.94,0.09813409
2023-06-01,14:20:00,RIPON,Making Dreams,6f,9,17.0,28.9,0.3434676
2023-06-01,14:20:00,RIPON,Amayretto,6f,7,21.0,32.69,0.07625752
2023-06-01,14:20:00,RIPON,Tioman Bay,6f,10,34.0,46.34,0.014146979
2023-06-01,14:20:00,RIPON,Brandaisy,6f,8,41.0,46.65,0.013557684
2023-06-01,14:50:00,RIPON,Indiana Be,1m,1,1.15,1.17,0.8611196
2023-06-01,14:50:00,RIPON,Gold Guy,1m,4,9.0,14.28,0.20679529
2023-06-01,14:50:00,RIPON,Ribble Rouser,1m,3,13.0,24.44,0.12862998
2023-06-01,14:50:00,RIPON,Mass Consumption,1m,2,19.0,31.92,0.04909939
2023-06-01,14:50:00,RIPON,Rajawail,1m,5,126.0,630.0,0.0012527538
2023-06-01,15:20:00,RIPON,Tele Red,1m2f,3,3.25,3.55,0.57841134
2023-06-01,15:20:00,RIPON,Fulfilled,1m2f,1,4.5,5.57,0.45718756
2023-06-01,15:20:00,RIPON,Golden Melody,1m2f,2,6.0,6.4,0.40107664
2023-06-01,15:20:00,RIPON,Billy Roberts,1m2f,6,6.5,7.42,0.3719125
2023-06-01,15:20:00,RIPON,Cosmos Raj,1m2f,4,8.5,10.21,0.540687
2023-06-01,15:20:00,RIPON,Ghost Rider,1m2f,7,9.0,11.3,0.50575316
2023-06-01,15:20:00,RIPON,Like A Lion,1m2f,5,19.0,27.8,0.03615333
2023-06-01,15:50:00,RIPON,Knightswood,1m4f,1,2.75,2.99,0.6871449
2023-06-01,15:50:00,RIPON,Haarar,1m4f,3,3.0,3.3,0.69446015
2023-06-01,15:50:00,RIPON,Frankendael,1m4f,4,4.5,4.75,0.25192913
2023-06-01,15:50:00,RIPON,Gastronomy,1m4f,2,6.5,7.71,0.33880886
2023-06-01,15:50:00,RIPON,Bamboo Bay,1m4f,5,41.0,57.99,0.02068404
2023-06-01,16:20:00,RIPON,Baryshnikov,1m2f,2,3.5,3.6,0.43533376
2023-06-01,16:20:00,RIPON,Nigwa,1m2f,4,3.5,4.31,0.17753896
2023-06-01,16:20:00,RIPON,Pisanello,1m2f,5,5.5,7.0,0.1720532
2023-06-01,16:20:00,RIPON,Tarbaan,1m2f,7,8.0,8.6,0.17946434
2023-06-01,16:20:00,RIPON,Cockalorum,1m2f,1,9.0,10.53,0.13103184
2023-06-01,16:20:00,RIPON,Imperial Sands,1m2f,6,13.0,17.57,0.27867156
2023-06-01,16:20:00,RIPON,Poets Dawn,1m2f,3,13.0,16.36,0.025958195
2023-06-01,16:20:00,RIPON,Society Red,1m2f,8,29.0,38.5,0.002317984
2023-06-01,16:50:00,RIPON,Another Baar,6f,1,2.75,2.87,0.51995337
2023-06-01,16:50:00,RIPON,Lily In The Jungle,6f,4,3.5,4.0,0.77560884
2023-06-01,16:50:00,RIPON,Caesars Pearl,6f,2,5.5,6.36,0.20743345
2023-06-01,16:50:00,RIPON,Werenotreallyhere,6f,3,8.5,10.72,0.16536708
2023-06-01,16:50:00,RIPON,Cawthornes Gem,6f,7,19.0,22.98,0.04439297
2023-06-01,16:50:00,RIPON,Azucena,6f,9,19.0,26.0,0.020825299
2023-06-01,16:50:00,RIPON,Royal Mariner,6f,5,21.0,25.27,0.093946904
2023-06-01,16:50:00,RIPON,Glendown,6f,8,23.0,34.0,0.049830094
2023-06-01,16:50:00,RIPON,Run Cmc,6f,6,41.0,68.92,0.0068023135
2023-06-01,17:22:00,RIPON,Giselles Izzy,6f,2,4.33,5.29,0.7949029
2023-06-01,17:22:00,RIPON,Brides Bay,6f,11,21.0,30.0,0.12299287
2023-06-01,17:22:00,RIPON,Macho Pride,6f,3,4.5,6.0,0.59376925
2023-06-01,17:22:00,RIPON,Hurstwood,6f,1,6.0,5.97,0.5803163
2023-06-01,17:22:00,RIPON,Gullane One,6f,8,6.5,5.59,0.3607262
2023-06-01,17:22:00,RIPON,Round The Island,6f,5,11.0,15.06,0.18461467
2023-06-01,17:22:00,RIPON,Ginato,6f,6,17.0,18.4,0.21659088
2023-06-01,17:22:00,RIPON,Flavius Titus,6f,10,17.0,25.0,0.12206811
2023-06-01,17:22:00,RIPON,Dreamcasing,6f,7,19.0,23.16,0.048416577
2023-06-01,17:22:00,RIPON,Point Of Woods,6f,9,19.0,24.0,0.06608425
2023-06-01,17:22:00,RIPON,Quercus,6f,4,19.0,23.64,0.07341206
2023-05-21,14:25:00,RIPON,Foreseeable Future,5f,1,3.13,3.3,0.7615132
2023-05-21,14:25:00,RIPON,Canaria Prince,5f,3,4.5,5.3,0.7170267
2023-05-21,14:25:00,RIPON,Ben Macdui,5f,7,4.6,5.87,0.6658152
2023-05-21,14:25:00,RIPON,Atomise,5f,5,9.0,10.61,0.2845307
2023-05-21,14:25:00,RIPON,Embla,5f,8,11.0,14.21,0.17520048
2023-05-21,14:25:00,RIPON,Van Gerwen,5f,2,13.0,17.21,0.061981514
2023-05-21,14:25:00,RIPON,Glory Hallelujah,5f,6,15.0,15.46,0.42074916
2023-05-21,14:25:00,RIPON,Brian The Snail,5f,4,19.0,22.98,0.101226404
2023-05-21,14:25:00,RIPON,Iconicdaay,5f,9,51.0,94.02,0.024543846
2023-05-21,14:55:00,RIPON,Valadero,6f,4,2.1,2.52,0.82594305
2023-05-21,14:55:00,RIPON,Strong Request,6f,6,4.5,5.01,0.5792705
2023-05-21,14:55:00,RIPON,Asadna,6f,1,5.0,5.46,0.43810168
2023-05-21,14:55:00,RIPON,Fifty Grand Slater,6f,2,6.5,6.5,0.42738646
2023-05-21,14:55:00,RIPON,Jesmond Dawn,6f,3,13.0,13.99,0.055020694
2023-05-21,14:55:00,RIPON,Sergeant Mayer,6f,5,41.0,67.74,0.004398818
2023-05-21,15:25:00,RIPON,Market Value,1m2f,1,2.25,2.45,0.8435987
2023-05-21,15:25:00,RIPON,Jos Rainbow,1m2f,3,5.5,7.0,0.31099048
2023-05-21,15:25:00,RIPON,Bosc Girl,1m2f,2,6.0,7.0,0.13993596
2023-05-21,15:25:00,RIPON,Beautifulasalways,1m2f,5,6.5,8.49,0.2795268
2023-05-21,15:25:00,RIPON,Lady Claypoole,1m2f,4,7.5,8.6,0.2928302
2023-05-21,15:25:00,RIPON,Rosa Chinensis,1m2f,6,13.0,16.82,0.078377046
2023-05-21,15:25:00,RIPON,Mineko,1m2f,7,67.0,130.0,0.0054557933
2023-05-21,15:25:00,RIPON,Air Of Approval,1m2f,8,201.0,354.84,0.047980282
2023-05-21,15:25:00,RIPON,CMon Ellie,1m2f,9,201.0,585.63,0.00056710513
2023-05-21,15:55:00,RIPON,Mr Buster,1m2f,1,1.91,2.15,0.68273056
2023-05-21,15:55:00,RIPON,Roaring Legend,1m2f,2,5.5,6.82,0.43130898
2023-05-21,15:55:00,RIPON,Radetsky Marsch,1m2f,5,5.5,6.28,0.34601918
2023-05-21,15:55:00,RIPON,Vondelpark,1m2f,4,11.0,11.37,0.13980787
2023-05-21,15:55:00,RIPON,Rievaulx Raver,1m2f,3,23.0,31.95,0.027390568
2023-05-21,15:55:00,RIPON,Bohemian Breeze,1m2f,7,23.0,24.94,0.009227583
2023-05-21,15:55:00,RIPON,Mister Sox,1m2f,6,29.0,28.28,0.01262004
2023-05-21,16:25:00,RIPON,Pinafore,6f,1,1.67,1.81,0.89383864
2023-05-21,16:25:00,RIPON,International Girl,6f,2,5.5,6.47,0.26726633
2023-05-21,16:25:00,RIPON,Coco Jamboo,6f,3,6.5,7.4,0.39366
2023-05-21,16:25:00,RIPON,Song Of Success,6f,4,11.0,13.0,0.29428047
2023-05-21,16:25:00,RIPON,Ey Up Its Maggie,6f,5,12.0,15.0,0.5131895
2023-05-21,16:55:00,RIPON,Little Ted,1m2f,8,4.33,4.8,0.40148866
2023-05-21,16:55:00,RIPON,Light Up Our Stars,1m2f,4,6.5,6.3,0.06579959
2023-05-21,16:55:00,RIPON,Showmedemoney,1m2f,1,6.5,9.0,0.3678082
2023-05-21,16:55:00,RIPON,Tele Red,1m2f,2,8.0,10.51,0.119172454
2023-05-21,16:55:00,RIPON,Irv,1m2f,5,8.0,8.01,0.4651383
2023-05-21,16:55:00,RIPON,Young Winston,1m2f,9,8.0,9.34,0.24627379
2023-05-21,16:55:00,RIPON,Ghost Rider,1m2f,3,9.0,9.87,0.3693597
2023-05-21,16:55:00,RIPON,Dougies Dream,1m2f,7,9.5,12.0,0.45530844
2023-05-21,16:55:00,RIPON,Sameem,1m2f,6,29.0,38.0,0.040127434
2023-05-21,17:25:00,RIPON,Hardy Angel,6f,10,3.75,4.0,0.64802533
2023-05-21,17:25:00,RIPON,Aurora Glory,6f,2,29.0,47.87,0.023385163
2023-05-21,17:25:00,RIPON,Lukla,6f,11,34.0,50.0,0.01564
2023-05-21,17:25:00,RIPON,The Van Man,6f,12,34.0,58.15,0.02618338
2023-05-21,17:25:00,RIPON,Pedrar,6f,13,67.0,154.66,0.12790795
2023-05-21,17:25:00,RIPON,Highfield Viking,6f,6,4.33,4.89,0.6557142
2023-05-21,17:25:00,RIPON,Jack Of Clubs,6f,9,5.0,6.47,0.2658003
2023-05-21,17:25:00,RIPON,Yorkstone,6f,3,9.0,10.12,0.36221328
2023-05-21,17:25:00,RIPON,Stormy Pearl,6f,5,11.0,14.0,0.2681883
2023-05-21,17:25:00,RIPON,Katar,6f,8,11.0,12.92,0.059685037
2023-05-21,17:25:00,RIPON,Lily In The Jungle,6f,1,17.0,22.85,0.42293528
2023-05-21,17:25:00,RIPON,Mrs Trump,6f,4,26.0,34.91,0.06269838
2023-05-21,17:25:00,RIPON,Garifullina,6f,7,26.0,38.48,0.07445526
2023-05-12,17:25:00,RIPON,Grey Gray,5f,3,3.0,3.21,0.9039019
2023-05-12,17:25:00,RIPON,Hala Emaraaty,5f,1,3.75,4.68,0.5924785
2023-05-12,17:25:00,RIPON,Bazball,5f,6,4.0,4.27,0.5990565
2023-05-12,17:25:00,RIPON,Grays Inn,5f,2,9.0,9.4,0.26600367
2023-05-12,17:25:00,RIPON,Lady Dandylion,5f,5,12.0,13.8,0.20609725
2023-05-12,17:25:00,RIPON,Patasola,5f,4,21.0,30.59,0.18841997
2023-05-12,17:55:00,RIPON,Talha,6f,3,1.44,1.5,0.9338566
2023-05-12,17:55:00,RIPON,Tawalla,6f,1,3.75,4.6,0.5828309
2023-05-12,17:55:00,RIPON,Harriets Angel,6f,2,9.0,9.47,0.48412293
2023-05-12,18:30:00,RIPON,Reigning Profit,5f,1,2.63,2.89,0.6551162
2023-05-12,18:30:00,RIPON,Lotus Rose,5f,5,4.33,4.5,0.3277323
2023-05-12,18:30:00,RIPON,Glory Fighter,5f,3,6.0,6.2,0.22249667
2023-05-12,18:30:00,RIPON,Manila Scouse,5f,2,8.0,10.0,0.40576872
2023-05-12,18:30:00,RIPON,John Kirkup,5f,4,9.0,10.5,0.3141022
2023-05-12,18:30:00,RIPON,James Watt,5f,6,11.0,11.62,0.27358323
2023-05-12,19:05:00,RIPON,Yorkindness,2m,2,3.0,3.06,0.6039342
2023-05-12,19:05:00,RIPON,Easter Icon,2m,8,4.5,6.16,0.3956042
2023-05-12,19:05:00,RIPON,Well Go Again,2m,4,6.0,9.02,0.36263645
2023-05-12,19:05:00,RIPON,Turner Girl,2m,3,7.5,7.83,0.3664873
2023-05-12,19:05:00,RIPON,Bonne Vitesse,2m,1,8.5,8.99,0.53347445
2023-05-12,19:05:00,RIPON,Freewheelin,2m,5,9.0,11.62,0.2014628
2023-05-12,19:05:00,RIPON,Oh So Chic,2m,6,26.0,40.0,0.23039809
2023-05-12,19:05:00,RIPON,Fire Eyes,2m,7,34.0,58.15,0.014626978
2023-05-12,19:40:00,RIPON,Fortamour,6f,2,2.75,2.92,0.43424636
2023-05-12,19:40:00,RIPON,Count DOrsay,6f,7,4.5,5.4,0.37050644
2023-05-12,19:40:00,RIPON,Twelfth Knight,6f,1,7.5,8.3,0.23865797
2023-05-12,19:40:00,RIPON,Marks Choice,6f,4,8.0,10.0,0.21335113
2023-05-12,19:40:00,RIPON,Shallow Hal,6f,6,9.0,10.5,0.09289975
2023-05-12,19:40:00,RIPON,Rich Waters,6f,8,9.0,9.77,0.30179024
2023-05-12,19:40:00,RIPON,Muscika,6f,3,17.0,23.0,0.02087725
2023-05-12,19:40:00,RIPON,May Blossom,6f,5,41.0,43.34,0.011799424
2023-05-12,20:15:00,RIPON,Berties Wish,1m2f,1,3.25,3.45,0.36391982
2023-05-12,20:15:00,RIPON,Bollin Margaret,1m2f,5,3.75,4.2,0.24454439
2023-05-12,20:15:00,RIPON,Bushfire,1m2f,6,4.5,5.65,0.32137156
2023-05-12,20:15:00,RIPON,Billy Roberts,1m2f,2,6.5,8.68,0.15708111
2023-05-12,20:15:00,RIPON,Bit Of A Quirke,1m2f,3,9.0,11.26,0.18708792
2023-05-12,20:15:00,RIPON,Cedar Rapids,1m2f,4,12.0,14.1,0.15449381
2023-05-12,20:15:00,RIPON,Grifter,1m2f,7,34.0,55.0,0.011997562
2023-05-12,20:45:00,RIPON,Annalee Lass,1m,1,2.38,2.44,0.6305462
2023-05-12,20:45:00,RIPON,Ribkana,1m,2,3.5,5.15,0.45254454
2023-05-12,20:45:00,RIPON,Zakram,1m,4,5.0,6.08,0.7639897
2023-05-12,20:45:00,RIPON,Centerstage,1m,3,5.5,5.3,0.2255168
2023-04-29,14:25:00,RIPON,Dreadpirateroberts,5f,1,3.13,3.41,0.7564212
2023-04-29,14:25:00,RIPON,Torvar,5f,5,4.5,4.43,0.41767758
2023-04-29,14:25:00,RIPON,Pointofblue,5f,8,4.5,5.13,0.56431854
2023-04-29,14:25:00,RIPON,Qandil,5f,3,6.5,7.5,0.451093
2023-04-29,14:25:00,RIPON,Midnight Lir,5f,4,12.0,15.45,0.23939165
2023-04-29,14:25:00,RIPON,Innvincible Friend,5f,2,12.0,12.15,0.18381442
2023-04-29,14:25:00,RIPON,Keep Warm,5f,6,19.0,24.0,0.0290254
2023-04-29,14:25:00,RIPON,Major Kessaar,5f,7,67.0,236.99,0.007841786
2023-04-29,15:00:00,RIPON,Bleak,1m2f,4,2.63,2.68,0.7201326
2023-04-29,15:00:00,RIPON,Three Yorkshiremen,1m2f,2,2.75,2.84,0.604381
2023-04-29,15:00:00,RIPON,Victoria County,1m2f,3,5.5,7.54,0.52880883
2023-04-29,15:00:00,RIPON,Natzor,1m2f,6,9.0,11.78,0.35844463
2023-04-29,15:00:00,RIPON,Lunar Bird,1m2f,1,19.0,25.34,0.020313162
2023-04-29,15:00:00,RIPON,The Malton Mauler,1m2f,5,34.0,43.54,0.0076922434
2023-04-29,15:00:00,RIPON,Golden Firefly,1m2f,7,51.0,103.39,0.0038452114
2023-04-29,15:35:00,RIPON,Land Of Winter,2m,4,4.33,4.9,0.51783115
2023-04-29,15:35:00,RIPON,Its Good To Laugh,2m,5,5.0,5.48,0.5253271
2023-04-29,15:35:00,RIPON,Pons Aelius,2m,3,6.0,6.09,0.3147452
2023-04-29,15:35:00,RIPON,Legendary Day,2m,1,7.0,7.78,0.061369345
2023-04-29,15:35:00,RIPON,Barenboim,2m,7,7.0,10.0,0.091568515
2023-04-29,15:35:00,RIPON,Bringbackmemories,2m,6,8.0,9.0,0.16239125
2023-04-29,15:35:00,RIPON,The Predictor,2m,2,9.5,10.5,0.09575895
2023-04-29,16:10:00,RIPON,Vintage Clarets,5f,4,2.75,2.71,0.47132137
2023-04-29,16:10:00,RIPON,Mr Wagyu,5f,8,19.0,26.86,0.0125122275
2023-04-29,16:10:00,RIPON,Illusionist,5f,3,7.0,8.08,0.31443092
2023-04-29,16:10:00,RIPON,Hyperfocus,5f,1,9.0,9.87,0.27357137
2023-04-29,16:10:00,RIPON,Copper Knight,5f,6,10.0,11.55,0.02881527
2023-04-29,16:10:00,RIPON,Nomadic Empire,5f,7,11.0,14.82,0.13729711
2023-04-29,16:10:00,RIPON,Justanotherbottle,5f,9,11.0,15.0,0.029843021
2023-04-29,16:10:00,RIPON,Intrinsic Bond,5f,2,12.0,14.72,0.0550055
2023-04-29,16:10:00,RIPON,Mondammej,5f,5,15.0,23.23,0.057617612
2023-04-29,16:10:00,RIPON,Last Crusader,5f,10,15.0,18.3,0.08668296
2023-04-29,16:40:00,RIPON,Pride Of Priory,1m4f,6,4.2,4.6,0.14709903
2023-04-29,16:40:00,RIPON,Capital Theory,1m4f,2,4.33,4.3,0.27940798
2023-04-29,16:40:00,RIPON,Thundering,1m4f,5,4.33,4.46,0.2979351
2023-04-29,16:40:00,RIPON,Australian Angel,1m4f,4,5.5,5.4,0.080543615
2023-04-29,16:40:00,RIPON,Dark Jedi,1m4f,3,7.5,8.78,0.41773215
2023-04-29,16:40:00,RIPON,Aaddeey,1m4f,1,13.0,16.11,0.24234088
2023-04-29,17:15:00,RIPON,Darkness,1m,6,3.75,3.92,0.5640359
2023-04-29,17:15:00,RIPON,Perseverants,1m,2,21.0,29.33,0.08394257
2023-04-29,17:15:00,RIPON,Garden Oasis,1m,7,26.0,32.0,0.0065832166
2023-04-29,17:15:00,RIPON,Poets Dawn,1m,11,26.0,44.04,0.014261675
2023-04-29,17:15:00,RIPON,Diamondonthehill,1m,8,34.0,70.0,0.00953121
2023-04-29,17:15:00,RIPON,Shigar,1m,5,6.0,7.17,0.2643965
2023-04-29,17:15:00,RIPON,Blenheim Boy,1m,13,6.5,7.95,0.11713752
2023-04-29,17:15:00,RIPON,Isla Kai,1m,1,7.0,8.6,0.13020565
2023-04-29,17:15:00,RIPON,Oh Herberts Reign,1m,12,11.0,13.5,0.32131284
2023-04-29,17:15:00,RIPON,Another Batt,1m,4,13.0,18.0,0.035710752
2023-04-29,17:15:00,RIPON,Makeen,1m,9,15.0,18.96,0.017064335
2023-04-29,17:15:00,RIPON,Give It Some Teddy,1m,10,17.0,23.0,0.09601843
2023-04-29,17:15:00,RIPON,Scottish Summit,1m,3,17.0,23.0,0.08996988
2023-04-29,17:50:00,RIPON,Another Baar,6f,3,3.25,3.3,0.49454787
2023-04-29,17:50:00,RIPON,Pocket The Packet,6f,10,67.0,198.01,0.009243278
2023-04-29,17:50:00,RIPON,Brooklyn Nine Nine,6f,2,3.75,4.39,0.6976939
2023-04-29,17:50:00,RIPON,Gemini Star,6f,5,5.5,6.6,0.11939105
2023-04-29,17:50:00,RIPON,Lakota Blue,6f,1,10.0,13.59,0.05544707
2023-04-29,17:50:00,RIPON,Eternal Class,6f,7,12.0,17.27,0.18254603
2023-04-29,17:50:00,RIPON,Spirit Of Applause,6f,8,13.0,18.06,0.06975699
2023-04-29,17:50:00,RIPON,Braveheart Boy,6f,4,13.0,18.69,0.057870105
2023-04-29,17:50:00,RIPON,Signora Camacho,6f,6,17.0,22.7,0.1169112
2023-04-29,17:50:00,RIPON,Lily In The Jungle,6f,9,41.0,70.0,0.006850321
2023-04-20,13:40:00,RIPON,Yellow Bear,1m,10,5.0,5.1,0.35953736
2023-04-20,13:40:00,RIPON,Ugo Gregory,1m,4,17.0,26.65,0.07495032
2023-04-20,13:40:00,RIPON,Devilwala,1m,11,19.0,32.0,0.047904857
2023-04-20,13:40:00,RIPON,Frog And Toad,1m,12,21.0,40.0,0.28162307
2023-04-20,13:40:00,RIPON,Tothenines,1m,5,6.0,7.6,0.50501895
2023-04-20,13:40:00,RIPON,Hortzadar,1m,2,7.0,7.59,0.28784642
2023-04-20,13:40:00,RIPON,Cosmos Raj,1m,6,9.0,10.21,0.3814284
2023-04-20,13:40:00,RIPON,Sandret,1m,9,9.5,13.02,0.20978712
2023-04-20,13:40:00,RIPON,Dogged,1m,1,11.0,11.5,0.22936647
2023-04-20,13:40:00,RIPON,Cisco Disco,1m,8,11.0,14.09,0.15706474
2023-04-20,13:40:00,RIPON,Global Spirit,1m,3,13.0,13.0,0.067272335
2023-04-20,13:40:00,RIPON,Sir Maxi,1m,7,13.0,20.4,0.32019994
2023-04-20,14:15:00,RIPON,Ziggys Phoenix,5f,1,3.75,3.7,0.65115374
2023-04-20,14:15:00,RIPON,Desert Master,5f,2,3.75,4.35,0.68487954
2023-04-20,14:15:00,RIPON,Havana Prince,5f,4,4.33,4.4,0.6890768
2023-04-20,14:15:00,RIPON,Stage Door,5f,5,6.0,7.16,0.3149428
2023-04-20,14:15:00,RIPON,Kandy House,5f,3,9.0,10.03,0.39304978
2023-04-20,14:15:00,RIPON,Dandy Fitz,5f,6,19.0,28.05,0.13371497
2023-04-20,14:50:00,RIPON,Fox Vision,1m4f,2,2.88,3.24,0.71351856
2023-04-20,14:50:00,RIPON,Kingsley Pride,1m4f,3,2.88,2.86,0.67173207
2023-04-20,14:50:00,RIPON,Kardia,1m4f,1,3.5,3.86,0.7392645
2023-04-20,14:50:00,RIPON,Mishraq,1m4f,4,9.5,11.07,0.19238397
2023-04-20,15:20:00,RIPON,Fortamour,6f,4,5.5,6.12,0.7704137
2023-04-20,15:20:00,RIPON,Cooperation,6f,7,21.0,26.59,0.17102657
2023-04-20,15:20:00,RIPON,Touchwood,6f,15,23.0,23.26,0.20378347
2023-04-20,15:20:00,RIPON,Selbys Pride,6f,9,29.0,36.05,0.030379403
2023-04-20,15:20:00,RIPON,Prodigious Blue,6f,14,51.0,122.29,0.0050958884
2023-04-20,15:20:00,RIPON,Stay Smart,6f,12,101.0,190.36,0.008128849
2023-04-20,15:20:00,RIPON,Bay Breeze,6f,1,6.0,6.13,0.31856325
2023-04-20,15:20:00,RIPON,Sir Winston,6f,13,7.0,8.6,0.34330976
2023-04-20,15:20:00,RIPON,Asadjumeirah,6f,5,10.0,13.55,0.2177211
2023-04-20,15:20:00,RIPON,Burj Malinka,6f,6,10.0,11.25,0.09061907
2023-04-20,15:20:00,RIPON,Iris Dancer,6f,3,11.0,12.5,0.16933823
2023-04-20,15:20:00,RIPON,Muscika,6f,11,12.0,18.5,0.008669529
2023-04-20,15:20:00,RIPON,Another Investment,6f,8,13.0,15.5,0.19651867
2023-04-20,15:20:00,RIPON,Marks Choice,6f,10,15.0,18.92,0.07350298
2023-04-20,15:20:00,RIPON,Showtime Mahomes,6f,2,15.0,20.0,0.17349689
2023-04-20,15:55:00,RIPON,James McHenry,1m,1,3.0,3.3,0.6585257
2023-04-20,15:55:00,RIPON,Spioradalta,1m,2,3.25,3.24,0.8159251
2023-04-20,15:55:00,RIPON,Centre Court,1m,5,5.5,7.01,0.23334599
2023-04-20,15:55:00,RIPON,Impulsive Reaction,1m,6,8.5,9.8,0.47769278
2023-04-20,15:55:00,RIPON,Vondelpark,1m,3,13.0,13.5,0.05758404
2023-04-20,15:55:00,RIPON,Boy Douglas,1m,4,13.0,12.88,0.08358154
2023-04-20,16:30:00,RIPON,Painters Palette,1m2f,6,2.63,3.0,0.5885877
2023-04-20,16:30:00,RIPON,Cockalorum,1m2f,1,5.0,5.5,0.31658036
2023-04-20,16:30:00,RIPON,Animato,1m2f,8,7.5,9.02,0.47530434
2023-04-20,16:30:00,RIPON,Strawman,1m2f,3,8.5,12.62,0.26374096
2023-04-20,16:30:00,RIPON,Poets Dawn,1m2f,4,9.0,11.07,0.1387469
2023-04-20,16:30:00,RIPON,Mythical,1m2f,5,11.0,12.75,0.03229939
2023-04-20,16:30:00,RIPON,Val Bassett,1m2f,7,13.0,14.01,0.050664503
2023-04-20,16:30:00,RIPON,Society Red,1m2f,2,19.0,22.0,0.013521771
2023-04-20,17:05:00,RIPON,Purple Martini,6f,4,4.33,5.01,0.6646485
2023-04-20,17:05:00,RIPON,Parr Fire,6f,9,41.0,55.0,0.005470546
2023-04-20,17:05:00,RIPON,Bedazzling,6f,10,101.0,239.28,0.008998189
2023-04-20,17:05:00,RIPON,Another Baar,6f,1,6.0,5.9,0.14841467
2023-04-20,17:05:00,RIPON,Carvetii,6f,8,7.5,8.68,0.3023496
2023-04-20,17:05:00,RIPON,Nightout,6f,11,8.0,9.77,0.037767686
2023-04-20,17:05:00,RIPON,Cinque Verde,6f,3,8.0,9.8,0.39504346
2023-04-20,17:05:00,RIPON,Havana Rum,6f,7,9.0,10.0,0.4706647
2023-04-20,17:05:00,RIPON,Wreck It Ryley,6f,2,9.0,13.44,0.20557055
2023-04-20,17:05:00,RIPON,Jack Of Clubs,6f,5,9.5,12.5,0.4191081
2023-04-20,17:05:00,RIPON,Saleet,6f,6,21.0,32.0,0.070829354
