Date of Race,Time,Track,Horse,Distance,Place,Industry SP,Betfair SP,Predicted_Win_Probability,Race_ID,Predicted_Rank,Top_3_Flag,Odds_To_Use,Expected_Value,Field_Size,Kelly_Fraction,Reject_Reason,Winrate_Threshold,Bet_Placed,Stake,Actual_Result,Bet_Return,Bankroll_After_Race
2023-04-18,15:35:00,NEWMARKET,Ottoman Fleet,1m1f,1.0,2.5,2.5,0.19977425443861335,2023-04-18_15:35:00,4.0,False,2.5,-0.5005643639034666,7,-0.3337095759356444,kelly_low|ev_low|,0,False,100.0,1,0.0,9900.0
2023-04-18,16:45:00,NEWMARKET,Yorkshire Terrier,5f,5.0,3.75,4.3,0.14864511269433556,2023-04-18_16:45:00,4.0,False,3.75,-0.44258082739624166,7,-0.16093848268954242,kelly_low|ev_low|,0,False,100.0,0,0.0,9700.0
2023-04-18,16:45:00,NEWMARKET,Flag Of St George,5f,4.0,13.0,16.5,0.15029543963886394,2023-04-18_16:45:00,3.0,True,13.0,0.9538407153052312,7,0.07948672627543593,odds_high|,0,False,100.0,0,0.0,9700.0
2023-04-20,15:35:00,NEWMARKET,Mysterious Night,1m,7.0,2.88,2.95,0.1813203374215722,2023-04-20_15:35:00,4.0,False,2.88,-0.4777974282258721,7,-0.25414756820525114,kelly_low|ev_low|,0,False,100.0,0,0.0,11301.485833309755
2023-05-05,13:15:00,NEWMARKET,Salt Bay,1m2f,7.0,6.0,6.4,0.1600394781960905,2023-05-05_13:15:00,3.0,True,6.0,-0.03976313082345695,7,-0.00795262616469139,kelly_low|ev_low|,0,False,100.0,0,0.0,11301.485833309755
2023-05-05,13:15:00,NEWMARKET,Castle Way,1m2f,1.0,8.0,6.91,0.1515798107750459,2023-05-05_13:15:00,4.0,False,8.0,0.21263848620036718,7,0.030376926600052454,kelly_low|,0,False,100.0,1,0.0,11301.485833309755
2023-05-05,13:50:00,NEWMARKET,Native Trail,1m,2.0,1.73,1.78,0.25531986056349393,2023-05-05_13:50:00,3.0,True,1.73,-0.5582966412251555,5,-0.7647899194865144,kelly_low|ev_low|,0,False,100.0,0,0.0,11301.485833309755
2023-05-05,13:50:00,NEWMARKET,Checkandchallenge,1m,4.0,12.0,13.45,0.1560425702089822,2023-05-05_13:50:00,4.0,False,12.0,0.8725108425077865,5,0.07931916750070787,odds_high|,0,False,100.0,0,0.0,11301.485833309755
2023-05-05,15:35:00,NEWMARKET,Outbox,1m4f,4.0,29.0,42.0,0.01833229369869278,2023-05-05_15:35:00,4.0,False,29.0,-0.4683634827379093,5,-0.016727267240639616,kelly_low|ev_low|odds_high|,0,False,100.0,0,0.0,11199.788604613614
2023-05-07,13:15:00,NEWMARKET,Migration,1m2f,5.0,9.0,13.06,0.04764089476773805,2023-05-07_13:15:00,4.0,False,9.0,-0.5712319470903575,5,-0.07140399338629469,kelly_low|ev_low|,0,False,100.0,0,0.0,11199.788604613614
2023-05-07,13:15:00,NEWMARKET,Regal Reality,1m2f,4.0,23.0,30.25,0.07936638630496877,2023-05-07_13:15:00,3.0,True,23.0,0.8254268850142816,5,0.03751940386428553,kelly_low|odds_high|,0,False,100.0,0,0.0,11199.788604613614
2023-05-07,16:50:00,NEWMARKET,Hectic,1m,6.0,5.0,6.57,0.15549093180690784,2023-05-07_16:50:00,3.0,True,5.0,-0.22254534096546075,7,-0.05563633524136519,kelly_low|ev_low|,0,False,100.0,0,0.0,11199.788604613614
2023-05-07,16:50:00,NEWMARKET,Metal Merchant,1m,3.0,7.5,8.2,0.1483101255338106,2023-05-07_16:50:00,4.0,False,7.5,0.11232594150357944,7,0.01728091407747376,kelly_low|,0,False,100.0,0,0.0,11199.788604613614
2023-05-07,17:25:00,NEWMARKET,My Lion,1m2f,6.0,7.0,8.0,0.13332700414894416,2023-05-07_17:25:00,4.0,False,7.0,-0.06671097095739087,6,-0.011118495159565145,kelly_low|ev_low|,0,False,100.0,0,0.0,11199.788604613614
2023-05-07,17:25:00,NEWMARKET,Cool Party,1m2f,5.0,7.5,8.18,0.14298490326115804,2023-05-07_17:25:00,3.0,True,7.5,0.07238677445868535,6,0.011136426839797747,kelly_low|ev_low|,0,False,100.0,0,0.0,11199.788604613614
2023-05-18,19:30:00,NEWMARKET,Star Angel,1m4f,6.0,6.0,6.66,0.17320637673498887,2023-05-18_19:30:00,3.0,True,6.0,0.03923826040993317,7,0.007847652081986633,kelly_low|ev_low|,0,False,100.0,0,0.0,11199.788604613614
2023-05-18,19:30:00,NEWMARKET,Appier,1m4f,3.0,6.5,8.0,0.16774920652126032,2023-05-18_19:30:00,4.0,False,6.5,0.09036984238819212,7,0.01643088043421675,kelly_low|ev_low|,0,False,100.0,0,0.0,11199.788604613614
2023-05-19,14:50:00,NEWMARKET,Simply Sondheim,1m2f,6.0,3.5,3.6,0.1850047754185609,2023-05-19_14:50:00,4.0,False,3.5,-0.3524832860350369,6,-0.14099331441401478,kelly_low|ev_low|,0,False,100.0,0,0.0,11199.788604613614
2023-05-19,14:50:00,NEWMARKET,Dual Identity,1m2f,4.0,3.75,4.15,0.20342458282177872,2023-05-19_14:50:00,3.0,True,3.75,-0.23715781441832984,6,-0.08623920524302903,kelly_low|ev_low|,0,False,100.0,0,0.0,11199.788604613614
2023-05-20,15:50:00,NEWMARKET,Star Of Orion,7f,2.0,6.0,6.8,0.1469723563985466,2023-05-20_15:50:00,4.0,False,6.0,-0.11816586160872045,7,-0.02363317232174409,kelly_low|ev_low|,0,False,100.0,0,0.0,11099.788604613614
2023-05-20,16:25:00,NEWMARKET,Divya,1m4f,3.0,10.0,11.09,0.11353048160101291,2023-05-20_16:25:00,4.0,False,10.0,0.135304816010129,6,0.015033868445569889,kelly_low|,0,False,100.0,0,0.0,11099.788604613614
2023-05-20,16:25:00,NEWMARKET,Climate Friendly,1m4f,1.0,13.0,15.17,0.16397061997660478,2023-05-20_16:25:00,3.0,True,13.0,1.131618059695862,6,0.09430150497465517,odds_high|,0,False,100.0,1,0.0,11099.788604613614
2023-06-23,19:05:00,NEWMARKET,Mighty River,1m2f,1.0,5.5,6.58,0.1703515505348574,2023-06-23_19:05:00,3.0,True,5.5,-0.0630664720582843,7,-0.014014771568507623,kelly_low|ev_low|,0,False,100.0,1,0.0,10899.788604613614
2023-06-23,19:05:00,NEWMARKET,Feud,1m2f,4.0,11.0,13.86,0.1643770518924042,2023-06-23_19:05:00,4.0,False,11.0,0.8081475708164461,7,0.08081475708164461,odds_high|,0,False,100.0,0,0.0,10899.788604613614
2023-06-23,20:10:00,NEWMARKET,American Belle,7f,4.0,4.6,4.61,0.1715294115155625,2023-06-23_20:10:00,3.0,True,4.6,-0.21096470702841252,6,-0.05860130750789237,kelly_low|ev_low|,0,False,100.0,0,0.0,10899.788604613614
2023-06-23,20:10:00,NEWMARKET,Jumbeau,7f,2.0,6.5,7.85,0.15232200620697092,2023-06-23_20:10:00,4.0,False,6.5,-0.009906959654689018,6,-0.0018012653917616396,kelly_low|ev_low|,0,False,100.0,0,0.0,10899.788604613614
2023-06-23,20:45:00,NEWMARKET,Four Adaay,5f,1.0,1.67,1.78,0.20048383868304703,2023-06-23_20:45:00,3.0,True,1.67,-0.6651919893993115,4,-0.9928238647750919,kelly_low|ev_low|,0,False,100.0,1,0.0,10899.788604613614
2023-06-23,20:45:00,NEWMARKET,Amor De Mi Vida,5f,2.0,7.5,8.38,0.06548412601392012,2023-06-23_20:45:00,4.0,False,7.5,-0.5088690548955992,4,-0.07828754690701525,kelly_low|ev_low|,0,False,100.0,0,0.0,10899.788604613614
2023-06-24,13:32:00,NEWMARKET,Ben Y Bryn,7f,4.0,34.0,45.14,0.034684561370382616,2023-06-24_13:32:00,4.0,False,34.0,0.17927508659300884,5,0.0054325783816063285,kelly_low|odds_high|,0,False,100.0,0,0.0,10799.788604613614
2023-06-24,14:42:00,NEWMARKET,Snipers Eye,1m,2.0,9.0,11.0,0.11789989040235234,2023-06-24_14:42:00,3.0,True,9.0,0.061099013621171094,6,0.007637376702646387,kelly_low|ev_low|,0,False,100.0,0,0.0,10799.788604613614
2023-06-24,14:42:00,NEWMARKET,Moonspirit,1m,4.0,15.0,19.06,0.1086515883426285,2023-06-24_14:42:00,4.0,False,15.0,0.6297738251394276,6,0.044983844652816254,odds_high|,0,False,100.0,0,0.0,10799.788604613614
2023-06-24,15:17:00,NEWMARKET,Temporize,1m6f,3.0,7.5,8.07,0.1305959401728552,2023-06-24_15:17:00,4.0,False,7.5,-0.020530448703586113,7,-0.0031585305697824787,kelly_low|ev_low|,0,False,100.0,0,0.0,10699.788604613614
2023-06-29,14:35:00,NEWMARKET,Allo Al Khawaneej,1m4f,5.0,5.0,6.4,0.1740886194938246,2023-06-29_14:35:00,3.0,True,5.0,-0.12955690253087704,7,-0.03238922563271926,kelly_low|ev_low|,0,False,100.0,0,0.0,10699.788604613614
2023-06-29,14:35:00,NEWMARKET,Sea Master,1m4f,4.0,7.0,8.0,0.14133967863103064,2023-06-29_14:35:00,4.0,False,7.0,-0.01062224958278557,7,-0.0017703749304642618,kelly_low|ev_low|,0,False,100.0,0,0.0,10699.788604613614
2023-06-29,15:10:00,NEWMARKET,Knebworth,6f,6.0,5.5,5.9,0.16028762952245887,2023-06-29_15:10:00,3.0,True,5.5,-0.11841803762647618,7,-0.02631511947255026,kelly_low|ev_low|,0,False,100.0,0,0.0,10699.788604613614
2023-06-29,15:10:00,NEWMARKET,Fox Master,6f,7.0,7.0,8.2,0.1528469318452989,2023-06-29_15:10:00,4.0,False,7.0,0.0699285229170924,7,0.011654753819515399,kelly_low|ev_low|,0,False,100.0,0,0.0,10699.788604613614
2023-06-29,16:20:00,NEWMARKET,Chola Empire,7f,3.0,5.5,6.6,0.16437807481940547,2023-06-29_16:20:00,4.0,False,5.5,-0.0959205884932699,6,-0.021315686331837756,kelly_low|ev_low|,0,False,100.0,0,0.0,10586.048611033368
2023-06-29,17:30:00,NEWMARKET,Byron Hill,2m,6.0,8.5,10.38,0.11562837851982484,2023-06-29_17:30:00,4.0,False,8.5,-0.01715878258148884,7,-0.0022878376775318453,kelly_low|ev_low|,0,False,100.0,0,0.0,10586.048611033368
2023-06-29,17:30:00,NEWMARKET,At The Double,2m,3.0,13.0,15.74,0.11711796794715534,2023-06-29_17:30:00,3.0,True,13.0,0.5225335833130195,7,0.04354446527608496,odds_high|,0,False,100.0,0,0.0,10586.048611033368
2023-06-30,17:15:00,NEWMARKET,Looby,6f,5.0,4.5,4.8,0.1975067070663993,2023-06-30_17:15:00,3.0,True,4.5,-0.11121981820120319,6,-0.031777090914629484,kelly_low|ev_low|,0,False,100.0,0,0.0,10586.048611033368
2023-06-30,17:15:00,NEWMARKET,Idle Assembly,6f,4.0,8.0,8.15,0.13862027328461357,2023-06-30_17:15:00,4.0,False,8.0,0.10896218627690857,6,0.015566026610986938,kelly_low|,0,False,100.0,0,0.0,10586.048611033368
2023-07-01,13:15:00,NEWMARKET,Al Aasy,1m4f,5.0,3.25,3.9,0.23681790902882816,2023-07-01_13:15:00,3.0,True,3.25,-0.23034179565630852,5,-0.10237413140280378,kelly_low|ev_low|,0,False,100.0,0,0.0,10374.471697536614
2023-07-01,13:15:00,NEWMARKET,Phantom Flight,1m4f,4.0,6.0,6.72,0.19927718327527189,2023-07-01_13:15:00,4.0,False,6.0,0.1956630996516313,5,0.03913261993032626,kelly_low|,0,False,100.0,0,0.0,10374.471697536614
2023-07-01,13:50:00,NEWMARKET,Pogo,7f,3.0,4.0,3.98,0.15860759539700556,2023-07-01_13:50:00,4.0,False,4.0,-0.36556961841197777,6,-0.12185653947065926,kelly_low|ev_low|,0,False,100.0,0,0.0,10374.471697536614
2023-07-01,13:50:00,NEWMARKET,Jumby,7f,2.0,5.5,6.16,0.17465911632888498,2023-07-01_13:50:00,3.0,True,5.5,-0.03937486019113268,6,-0.008749968931362817,kelly_low|ev_low|,0,False,100.0,0,0.0,10374.471697536614
2023-07-01,14:25:00,NEWMARKET,Crocus Time,7f,3.0,11.0,14.0,0.1418491375581762,2023-07-01_14:25:00,4.0,False,11.0,0.5603405131399383,6,0.056034051313993825,odds_high|,0,False,100.0,0,0.0,10274.471697536614
2023-07-01,15:00:00,NEWMARKET,Royal Charter,1m,1.0,3.0,3.15,0.21265721684400052,2023-07-01_15:00:00,3.0,True,3.0,-0.36202834946799844,5,-0.18101417473399922,kelly_low|ev_low|,0,False,100.0,1,0.0,10274.471697536614
2023-07-01,15:00:00,NEWMARKET,Chealamy,1m,2.0,5.5,6.2,0.19007081618179356,2023-07-01_15:00:00,4.0,False,5.5,0.04538948899986461,5,0.010086553111081024,kelly_low|ev_low|,0,False,100.0,0,0.0,10274.471697536614
2023-07-13,13:50:00,NEWMARKET,Saint George,1m5f,3.0,5.5,5.89,0.2050257354129583,2023-07-13_13:50:00,3.0,True,5.5,0.12764154477127065,6,0.028364787726949035,kelly_low|,0,False,100.0,0,0.0,10058.338902288398
2023-07-13,13:50:00,NEWMARKET,Klondike,1m5f,4.0,11.0,11.71,0.08071817493852634,2023-07-13_13:50:00,4.0,False,11.0,-0.11210007567621016,6,-0.011210007567621017,kelly_low|ev_low|odds_high|,0,False,100.0,0,0.0,10058.338902288398
2023-07-13,15:35:00,NEWMARKET,Global Storm,1m4f,3.0,19.0,23.98,0.16942936468620293,2023-07-13_15:35:00,3.0,True,19.0,2.2191579290378556,4,0.1232865516132142,odds_high|,0,False,100.0,0,0.0,10058.338902288398
2023-07-13,15:35:00,NEWMARKET,Grand Alliance,1m4f,4.0,29.0,38.0,0.04527644587097448,2023-07-13_15:35:00,4.0,False,29.0,0.31301693025825994,4,0.01117917608065214,kelly_low|odds_high|,0,False,100.0,0,0.0,10058.338902288398
2023-07-13,16:45:00,NEWMARKET,Embesto,1m,2.0,7.0,8.59,0.10156036224674042,2023-07-13_16:45:00,4.0,False,7.0,-0.289077464272817,6,-0.04817957737880283,kelly_low|ev_low|,0,False,100.0,0,0.0,10058.338902288398
2023-07-13,16:45:00,NEWMARKET,Mostabshir,1m,4.0,7.0,7.23,0.1381171787178616,2023-07-13_16:45:00,3.0,True,7.0,-0.03317974897496867,6,-0.005529958162494779,kelly_low|ev_low|,0,False,100.0,0,0.0,10058.338902288398
2023-07-14,14:25:00,NEWMARKET,Woodhay Wonder,6f,3.0,29.0,57.69,0.017932607369136728,2023-07-14_14:25:00,3.0,True,29.0,-0.47995438629503495,4,-0.017141228081965533,kelly_low|ev_low|odds_high|,0,False,100.0,0,0.0,10058.338902288398
2023-07-14,14:25:00,NEWMARKET,Thanksbutnothanks,6f,4.0,51.0,91.6,0.008570166897736594,2023-07-14_14:25:00,4.0,False,51.0,-0.5629214882154336,4,-0.011258429764308672,kelly_low|ev_low|odds_high|,0,False,100.0,0,0.0,10058.338902288398
2023-07-14,17:20:00,NEWMARKET,Swayze,5f,6.0,3.75,4.5,0.1684448896085312,2023-07-14_17:20:00,3.0,True,3.75,-0.368331663968008,7,-0.13393878689745745,kelly_low|ev_low|,0,False,100.0,0,0.0,10058.338902288398
2023-07-14,17:20:00,NEWMARKET,Another Baar,5f,3.0,5.5,7.06,0.1553000423990883,2023-07-14_17:20:00,4.0,False,5.5,-0.1458497668050145,7,-0.03241105929000322,kelly_low|ev_low|,0,False,100.0,0,0.0,10058.338902288398
2023-07-15,13:40:00,NEWMARKET,Zenjabeela,7f,3.0,5.5,6.11,0.1909535611625197,2023-07-15_13:40:00,4.0,False,5.5,0.050244586393858426,7,0.01116546364307965,kelly_low|ev_low|,0,False,100.0,0,0.0,9958.338902288398
2023-07-15,14:15:00,NEWMARKET,Chasseral,7f,5.0,4.33,4.74,0.19510420562660458,2023-07-15_14:15:00,4.0,False,4.33,-0.15519878963680211,7,-0.04660624313417481,kelly_low|ev_low|,0,False,100.0,0,0.0,10458.338902288398
2023-07-15,17:10:00,NEWMARKET,Davideo,1m4f,1.0,5.0,5.4,0.16386933661705524,2023-07-15_17:10:00,4.0,False,5.0,-0.18065331691472375,6,-0.04516332922868094,kelly_low|ev_low|,0,False,100.0,1,0.0,10458.338902288398
2023-07-15,17:10:00,NEWMARKET,Reina Del Mar,1m4f,3.0,6.0,7.0,0.19610180875933214,2023-07-15_17:10:00,3.0,True,6.0,0.17661085255599285,6,0.03532217051119857,kelly_low|,0,False,100.0,0,0.0,10458.338902288398
2023-07-22,17:25:00,NEWMARKET,Mitrosonfire,7f,3.0,7.0,8.15,0.14568314973481478,2023-07-22_17:25:00,4.0,False,7.0,0.019782048143703435,7,0.0032970080239505726,kelly_low|ev_low|,0,False,100.0,0,0.0,10358.338902288398
2023-07-28,19:35:00,NEWMARKET,Highland Song,1m4f,5.0,17.0,27.1,0.09382341513574802,2023-07-28_19:35:00,4.0,False,17.0,0.5949980573077163,7,0.03718737858173227,kelly_low|odds_high|,0,False,100.0,0,0.0,10258.338902288398
2023-07-28,20:10:00,NEWMARKET,The Gatekeeper,1m,2.0,8.0,9.53,0.13896435203240762,2023-07-28_20:10:00,4.0,False,8.0,0.11171481625926094,5,0.015959259465608704,kelly_low|,0,False,100.0,0,0.0,10158.338902288398
2023-07-29,14:15:00,NEWMARKET,Magsood,7f,3.0,4.5,6.4,0.20816206572699394,2023-07-29_14:15:00,3.0,True,4.5,-0.06327070422852732,7,-0.01807734406529352,kelly_low|ev_low|,0,False,100.0,0,0.0,10158.338902288398
2023-07-29,14:15:00,NEWMARKET,Bellum Justum,7f,5.0,13.0,19.17,0.1606411234118822,2023-07-29_14:15:00,4.0,False,13.0,1.0883346043544684,7,0.09069455036287237,odds_high|,0,False,100.0,0,0.0,10158.338902288398
2023-07-29,14:50:00,NEWMARKET,Obsidian Knight,1m2f,7.0,4.33,5.07,0.16307349700919127,2023-07-29_14:50:00,4.0,False,4.33,-0.29389175795020184,7,-0.08825578316822878,kelly_low|ev_low|,0,False,100.0,0,0.0,10758.338902288398
2023-08-04,17:45:00,NEWMARKET,Lost In Music,6f,7.0,23.0,30.0,0.07887416627730731,2023-08-04_17:45:00,4.0,False,23.0,0.8141058243780681,7,0.0370048101990031,kelly_low|odds_high|,0,False,100.0,0,0.0,11511.621101771882
2023-08-04,18:55:00,NEWMARKET,Ragosina,1m4f,3.0,5.0,4.77,0.1886409567717948,2023-08-04_18:55:00,3.0,True,5.0,-0.056795216141026006,7,-0.014198804035256501,kelly_low|ev_low|,0,False,100.0,0,0.0,11511.621101771882
2023-08-04,18:55:00,NEWMARKET,Moogie,1m4f,7.0,12.0,12.06,0.10487412800952899,2023-08-04_18:55:00,4.0,False,12.0,0.2584895361143479,7,0.02349904873766799,kelly_low|odds_high|,0,False,100.0,0,0.0,11511.621101771882
2023-08-05,14:05:00,NEWMARKET,Snafiya,6f,6.0,4.33,4.25,0.14973107790025816,2023-08-05_14:05:00,4.0,False,4.33,-0.35166443269188213,6,-0.10560493474230695,kelly_low|ev_low|,0,False,100.0,0,0.0,11411.621101771882
2023-08-05,15:15:00,NEWMARKET,Capital Theory,1m4f,3.0,5.5,5.8,0.163225396125189,2023-08-05_15:15:00,4.0,False,5.5,-0.10226032131146046,5,-0.022724515846991214,kelly_low|ev_low|,0,False,100.0,0,0.0,11311.621101771882
2023-08-05,15:50:00,NEWMARKET,Seaward,7f,4.0,3.0,3.5,0.20199346967360815,2023-08-05_15:50:00,3.0,True,3.0,-0.3940195909791756,6,-0.1970097954895878,kelly_low|ev_low|,0,False,100.0,0,0.0,11198.990377233638
2023-08-05,17:00:00,NEWMARKET,Soul Seeker,5f,2.0,3.0,3.44,0.10817634054097944,2023-08-05_17:00:00,4.0,False,3.0,-0.6754709783770616,5,-0.3377354891885308,kelly_low|ev_low|,0,False,100.0,0,0.0,12126.834503079184
2023-08-11,17:25:00,NEWMARKET,Us Navy Jack,7f,6.0,9.0,11.0,0.1393355235259917,2023-08-11_17:25:00,4.0,False,9.0,0.25401971173392535,6,0.03175246396674067,kelly_low|,0,False,100.0,0,0.0,11998.90515349976
2023-08-12,15:05:00,NEWMARKET,Edge Of Darkness,1m4f,1.0,3.0,3.0,0.19684807362469287,2023-08-12_15:05:00,3.0,True,3.0,-0.40945577912592135,7,-0.20472788956296067,kelly_low|ev_low|,0,False,100.0,1,0.0,11898.90515349976
2023-08-18,18:20:00,NEWMARKET,Kingdom Of Time,1m,4.0,4.5,5.65,0.20770101073751063,2023-08-18_18:20:00,3.0,True,4.5,-0.0653454516812022,7,-0.01867012905177206,kelly_low|ev_low|,0,False,100.0,0,0.0,11898.90515349976
2023-08-18,18:20:00,NEWMARKET,Bellum Justum,1m,2.0,23.0,25.86,0.11966798396548398,2023-08-18_18:20:00,4.0,False,23.0,1.7523636312061313,7,0.07965289232755142,odds_high|,0,False,100.0,0,0.0,11898.90515349976
2023-08-19,14:35:00,NEWMARKET,Robbo,6f,2.0,15.0,20.7,0.1282228551205955,2023-08-19_14:35:00,3.0,True,15.0,0.9233428268089325,6,0.0659530590577809,odds_high|,0,False,100.0,0,0.0,11898.90515349976
2023-08-19,14:35:00,NEWMARKET,Rogue Enforcer,6f,3.0,19.0,43.76,0.09432053819302373,2023-08-19_14:35:00,4.0,False,19.0,0.792090225667451,6,0.04400501253708061,odds_high|,0,False,100.0,0,0.0,11898.90515349976
2023-08-19,15:10:00,NEWMARKET,Crocus Time,7f,4.0,7.0,7.91,0.12188209827132114,2023-08-19_15:10:00,4.0,False,7.0,-0.146825312100752,7,-0.024470885350125333,kelly_low|ev_low|,0,False,100.0,0,0.0,11898.90515349976
2023-08-19,15:10:00,NEWMARKET,Buttercross Flyer,7f,6.0,11.0,12.83,0.15801146215838552,2023-08-19_15:10:00,3.0,True,11.0,0.7381260837422405,7,0.07381260837422406,odds_high|,0,False,100.0,0,0.0,11898.90515349976
2023-08-19,16:20:00,NEWMARKET,Barrolo,1m2f,1.0,5.5,7.16,0.1527981229202151,2023-08-19_16:20:00,4.0,False,5.5,-0.1596103239388169,6,-0.035468960875292645,kelly_low|ev_low|,0,False,100.0,1,0.0,11798.90515349976
2023-08-25,14:05:00,NEWMARKET,Meribella,7f,1.0,4.33,4.83,0.20774240121899626,2023-08-25_14:05:00,3.0,True,4.33,-0.10047540272174627,7,-0.030172793610134013,kelly_low|ev_low|,0,False,100.0,1,0.0,11798.90515349976
2023-08-25,14:05:00,NEWMARKET,Sharona,7f,7.0,13.0,17.18,0.1543255554512371,2023-08-25_14:05:00,4.0,False,13.0,1.0062322208660823,7,0.08385268507217353,odds_high|,0,False,100.0,0,0.0,11798.90515349976
2023-08-25,15:15:00,NEWMARKET,Stratocracy,7f,4.0,13.0,18.0,0.152389598975937,2023-08-25_15:15:00,4.0,False,13.0,0.9810647866871811,6,0.08175539889059842,odds_high|,0,False,100.0,0,0.0,11698.90515349976
2023-08-25,15:50:00,NEWMARKET,Yellow Lion,1m,4.0,8.5,10.0,0.09027454030016338,2023-08-25_15:50:00,4.0,False,8.5,-0.23266640744861133,6,-0.031022187659814845,kelly_low|ev_low|,0,False,100.0,0,0.0,11598.90515349976
2023-08-25,16:25:00,NEWMARKET,Perfect Play,1m2f,3.0,10.0,12.5,0.12540794027452035,2023-08-25_16:25:00,4.0,False,10.0,0.25407940274520335,5,0.02823104474946704,kelly_low|,0,False,100.0,0,0.0,11498.90515349976
2023-08-26,14:45:00,NEWMARKET,Apparate,1m6f,4.0,6.0,8.2,0.1332853903539173,2023-08-26_14:45:00,4.0,False,6.0,-0.20028765787649627,7,-0.04005753157529925,kelly_low|ev_low|,0,False,100.0,0,0.0,11498.90515349976
2023-08-26,14:45:00,NEWMARKET,Sea Stone,1m6f,1.0,7.0,9.0,0.15175548364242344,2023-08-26_14:45:00,3.0,True,7.0,0.06228838549696414,7,0.010381397582827356,kelly_low|ev_low|,0,False,100.0,1,0.0,11498.90515349976
2023-08-26,16:32:00,NEWMARKET,Kiaraad,7f,6.0,4.2,4.37,0.19948968822902907,2023-08-26_16:32:00,3.0,True,4.2,-0.16214330943807775,6,-0.0506697841993993,kelly_low|ev_low|,0,False,100.0,0,0.0,11498.90515349976
2023-08-26,16:32:00,NEWMARKET,Dark Thirty,7f,1.0,5.0,5.64,0.15542633637842282,2023-08-26_16:32:00,4.0,False,5.0,-0.22286831810788588,6,-0.05571707952697147,kelly_low|ev_low|,0,False,100.0,1,0.0,11498.90515349976
2023-09-23,14:50:00,NEWMARKET,Red Maids,7f,4.0,4.2,4.2,0.21282262626795856,2023-09-23_14:50:00,3.0,True,4.2,-0.10614496967457399,5,-0.03317030302330437,kelly_low|ev_low|,0,False,100.0,0,0.0,11498.90515349976
2023-09-23,14:50:00,NEWMARKET,Magical Merlin,7f,2.0,5.0,5.6,0.1834364954790148,2023-09-23_14:50:00,4.0,False,5.0,-0.08281752260492592,5,-0.02070438065123148,kelly_low|ev_low|,0,False,100.0,0,0.0,11498.90515349976
2023-09-23,16:35:00,NEWMARKET,Pure Dignity,1m2f,5.0,3.5,3.57,0.21578531514682012,2023-09-23_16:35:00,3.0,True,3.5,-0.24475139698612958,6,-0.09790055879445184,kelly_low|ev_low|,0,False,100.0,0,0.0,12248.90515349976
2023-09-28,17:53:00,NEWMARKET,Pjanoo,1m2f,4.0,3.25,3.65,0.21613735016036123,2023-09-28_17:53:00,3.0,True,3.25,-0.29755361197882607,5,-0.13224604976836715,kelly_low|ev_low|,0,False,100.0,0,0.0,12248.90515349976
2023-09-28,17:53:00,NEWMARKET,Promoter,1m2f,3.0,5.5,6.22,0.20134968462099057,2023-09-28_17:53:00,4.0,False,5.5,0.10742326541544811,5,0.02387183675898847,kelly_low|,0,False,100.0,0,0.0,12248.90515349976
2023-09-29,15:00:00,NEWMARKET,Carlas Way,7f,1.0,4.5,4.82,0.16983394739846283,2023-09-29_15:00:00,4.0,False,4.5,-0.23574723670691733,6,-0.06735635334483352,kelly_low|ev_low|,0,False,100.0,1,0.0,12248.90515349976
2023-09-29,15:00:00,NEWMARKET,Carolina Reaper,7f,6.0,15.0,18.83,0.17967060626666412,2023-09-29_15:00:00,3.0,True,15.0,1.6950590939999617,6,0.12107564957142583,odds_high|,0,False,100.0,0,0.0,12248.90515349976
2023-09-29,15:35:00,NEWMARKET,Mutasaabeq,1m,1.0,3.75,3.85,0.21037532008953438,2023-09-29_15:35:00,3.0,True,3.75,-0.21109254966424607,6,-0.07676092715063493,kelly_low|ev_low|,0,False,100.0,1,0.0,12248.90515349976
2023-09-29,15:35:00,NEWMARKET,Regal Reality,1m,2.0,17.0,23.12,0.13267408629512328,2023-09-29_15:35:00,4.0,False,17.0,1.2554594670170958,6,0.07846621668856849,odds_high|,0,False,100.0,0,0.0,12248.90515349976
2023-09-29,16:45:00,NEWMARKET,Markoon,7f,5.0,7.0,7.39,0.16279836268569953,2023-09-29_16:45:00,4.0,False,7.0,0.13958853879989663,6,0.02326475646664944,kelly_low|,0,False,100.0,0,0.0,11940.557721244057
2023-09-29,17:20:00,NEWMARKET,Candleford,1m4f,5.0,6.5,7.1,0.1630421966472618,2023-09-29_17:20:00,3.0,True,6.5,0.059774278207201714,6,0.010868050583127585,kelly_low|ev_low|,0,False,100.0,0,0.0,11940.557721244057
2023-09-29,17:20:00,NEWMARKET,Tregony,1m4f,1.0,11.0,14.5,0.12707819153021394,2023-09-29_17:20:00,4.0,False,11.0,0.3978601068323533,6,0.039786010683235326,kelly_low|odds_high|,0,False,100.0,1,0.0,11940.557721244057
2023-10-13,14:25:00,NEWMARKET,Chic Colombine,7f,4.0,4.0,4.46,0.18880269817078213,2023-10-13_14:25:00,4.0,False,4.0,-0.24478920731687148,7,-0.08159640243895716,kelly_low|ev_low|,0,False,100.0,0,0.0,11840.557721244057
2023-10-13,15:00:00,NEWMARKET,Chindit,7f,4.0,2.75,2.8,0.26770195308748257,2023-10-13_15:00:00,3.0,True,2.75,-0.2638196290094229,4,-0.15075407371967023,kelly_low|ev_low|,0,False,100.0,0,0.0,11840.557721244057
2023-10-13,15:00:00,NEWMARKET,Lord Massusus,7f,2.0,13.0,12.76,0.09746491403362043,2023-10-13_15:00:00,4.0,False,13.0,0.26704388243706545,4,0.022253656869755455,kelly_low|odds_high|,0,False,100.0,0,0.0,11840.557721244057
2023-10-13,16:45:00,NEWMARKET,So Logical,7f,3.0,13.0,18.0,0.19165400294424212,2023-10-13_16:45:00,3.0,True,13.0,1.4915020382751474,7,0.12429183652292895,odds_high|,0,False,100.0,0,0.0,11740.557721244057
2023-10-13,17:20:00,NEWMARKET,Glimpsed,7f,1.0,2.63,2.7,0.1819801143445556,2023-10-13_17:20:00,4.0,False,2.63,-0.5213922992738187,7,-0.3198725762416066,kelly_low|ev_low|,0,False,100.0,1,0.0,11740.557721244057
2023-10-13,17:20:00,NEWMARKET,Zelma,7f,7.0,12.0,14.5,0.22645624211384516,2023-10-13_17:20:00,3.0,True,12.0,1.7174749053661418,7,0.1561340823060129,odds_high|,0,False,100.0,0,0.0,11740.557721244057
2023-10-14,13:25:00,NEWMARKET,Chief Little Rock,1m,2.0,4.5,5.3,0.1530183462044576,2023-10-14_13:25:00,3.0,True,4.5,-0.3114174420799408,7,-0.08897641202284023,kelly_low|ev_low|,0,False,100.0,0,0.0,11740.557721244057
2023-10-14,13:25:00,NEWMARKET,Per Contra,1m,5.0,9.0,9.22,0.10327664623403557,2023-10-14_13:25:00,4.0,False,9.0,-0.07051018389367991,7,-0.008813772986709989,kelly_low|ev_low|,0,False,100.0,0,0.0,11740.557721244057
2023-10-14,15:15:00,NEWMARKET,Dambuster,1m2f,4.0,5.0,5.4,0.21261475939526295,2023-10-14_15:15:00,3.0,True,5.0,0.06307379697631477,4,0.01576844924407869,kelly_low|ev_low|,0,False,100.0,0,0.0,11740.557721244057
2023-10-14,15:15:00,NEWMARKET,Dallas Star,1m2f,3.0,34.0,54.4,0.01830309650587304,2023-10-14_15:15:00,4.0,False,34.0,-0.3776947188003167,4,-0.011445294509100506,kelly_low|ev_low|odds_high|,0,False,100.0,0,0.0,11740.557721244057
2023-10-25,15:35:00,NEWMARKET,Monterosa,1m2f,2.0,7.0,7.76,0.13065420359934413,2023-10-25_15:35:00,4.0,False,7.0,-0.08542057480459109,7,-0.014236762467431848,kelly_low|ev_low|,0,False,100.0,0,0.0,11640.557721244057
2023-11-03,13:25:00,NEWMARKET,Hamish,1m4f,1.0,2.25,2.54,0.2085205264283722,2023-11-03_13:25:00,3.0,True,2.25,-0.5308288155361625,6,-0.42466305242893,kelly_low|ev_low|,0,False,100.0,1,0.0,11640.557721244057
2023-11-03,13:25:00,NEWMARKET,Max Vega,1m4f,4.0,12.0,12.39,0.15142882841550218,2023-11-03_13:25:00,4.0,False,12.0,0.8171459409860261,6,0.07428599463509328,odds_high|,0,False,100.0,0,0.0,11640.557721244057
2023-11-04,13:37:00,NEWMARKET,Classy Boy,1m1f,2.0,4.5,5.82,0.20962963904078316,2023-11-04_13:37:00,3.0,True,4.5,-0.056666624316475844,6,-0.01619046409042167,kelly_low|ev_low|,0,False,100.0,0,0.0,11640.557721244057
2023-11-04,13:37:00,NEWMARKET,Tipsy Tiger,1m1f,3.0,7.0,9.2,0.08602884085629083,2023-11-04_13:37:00,4.0,False,7.0,-0.3977981140059642,6,-0.0662996856676607,kelly_low|ev_low|,0,False,100.0,0,0.0,11640.557721244057
2023-11-04,15:22:00,NEWMARKET,Greek Order,1m2f,3.0,4.0,5.0,0.22570198041277653,2023-11-04_15:22:00,3.0,True,4.0,-0.09719207834889387,6,-0.03239735944963129,kelly_low|ev_low|,0,False,100.0,0,0.0,11640.557721244057
2023-11-04,15:22:00,NEWMARKET,Claymore,1m2f,5.0,17.0,18.14,0.14608494108485076,2023-11-04_15:22:00,4.0,False,17.0,1.483443998442463,6,0.09271524990265394,odds_high|,0,False,100.0,0,0.0,11640.557721244057
2024-04-16,13:20:00,NEWMARKET,Arran,5f,1.0,7.0,8.35,0.17005329428616595,2024-04-16_13:20:00,4.0,False,7.0,0.19037306000316168,6,0.03172884333386028,kelly_low|,0,False,100.0,1,0.0,11540.557721244057
2024-04-18,15:35:00,NEWMARKET,Alcantor,1m,6.0,3.0,3.19,0.20298774262800479,2024-04-18_15:35:00,3.0,True,3.0,-0.39103677211598564,7,-0.19551838605799282,kelly_low|ev_low|,0,False,100.0,0,0.0,12189.726647479363
2024-04-18,15:35:00,NEWMARKET,Cambridge,1m,4.0,6.0,7.0,0.18644791595386537,2024-04-18_15:35:00,4.0,False,6.0,0.11868749572319215,7,0.02373749914463843,kelly_low|,0,False,100.0,0,0.0,12189.726647479363
2024-04-18,16:45:00,NEWMARKET,High Order,1m2f,3.0,13.0,17.81,0.05270225120165009,2024-04-18_16:45:00,4.0,False,13.0,-0.31487073437854884,6,-0.02623922786487907,kelly_low|ev_low|odds_high|,0,False,100.0,0,0.0,12089.726647479363
2024-05-03,13:50:00,NEWMARKET,Precious Jewel,1m2f,2.0,4.0,4.04,0.2091567261595457,2024-05-03_13:50:00,4.0,False,4.0,-0.1633730953618172,6,-0.05445769845393907,kelly_low|ev_low|,0,False,100.0,0,0.0,12639.726647479363
2024-05-03,14:25:00,NEWMARKET,Whip Cracker,1m2f,3.0,4.0,4.89,0.25785985552364854,2024-05-03_14:25:00,3.0,True,4.0,0.03143942209459416,5,0.01047980736486472,kelly_low|ev_low|,0,False,100.0,0,0.0,12639.726647479363
2024-05-03,14:25:00,NEWMARKET,Caviar Heights,1m2f,1.0,8.0,8.09,0.0936777295280828,2024-05-03_14:25:00,4.0,False,8.0,-0.2505781637753376,5,-0.03579688053933394,kelly_low|ev_low|,0,False,100.0,1,0.0,12639.726647479363
2024-05-03,15:35:00,NEWMARKET,Alaskan Gold,7f,4.0,4.2,4.9,0.1730678933947649,2024-05-03_15:35:00,4.0,False,4.2,-0.27311484774198747,4,-0.08534838991937108,kelly_low|ev_low|,0,False,100.0,0,0.0,12508.720432021499
2024-05-03,16:10:00,NEWMARKET,Time Lock,1m4f,2.0,2.38,2.51,0.2531698000853811,2024-05-03_16:10:00,3.0,True,2.38,-0.3974558757967931,6,-0.28801150420057475,kelly_low|ev_low|,0,False,100.0,0,0.0,12508.720432021499
2024-05-03,16:10:00,NEWMARKET,Naqeeb,1m4f,3.0,9.0,9.51,0.11387198418487605,2024-05-03_16:10:00,4.0,False,9.0,0.02484785766388453,6,0.0031059822079855665,kelly_low|ev_low|,0,False,100.0,0,0.0,12508.720432021499
2024-05-05,14:25:00,NEWMARKET,Silver Lady,1m1f,6.0,4.2,4.8,0.2160743219468377,2024-05-05_14:25:00,3.0,True,4.2,-0.09248784782328157,6,-0.02890245244477549,kelly_low|ev_low|,0,False,100.0,0,0.0,12408.720432021499
2024-05-05,16:50:00,NEWMARKET,Al Qudra,5f,3.0,5.5,5.7,0.17869819232883044,2024-05-05_16:50:00,3.0,True,5.5,-0.017159942191432576,7,-0.003813320486985017,kelly_low|ev_low|,0,False,100.0,0,0.0,12408.720432021499
2024-05-05,16:50:00,NEWMARKET,Yaroogh,5f,7.0,11.0,14.0,0.16063250799629877,2024-05-05_16:50:00,4.0,False,11.0,0.7669575879592866,7,0.07669575879592866,odds_high|,0,False,100.0,0,0.0,12408.720432021499
2024-05-05,17:25:00,NEWMARKET,Black Run,1m2f,1.0,5.5,7.2,0.18565546742584407,2024-05-05_17:25:00,3.0,True,5.5,0.021105070842142415,7,0.004690015742698315,kelly_low|ev_low|,0,False,100.0,1,0.0,12408.720432021499
2024-05-05,17:25:00,NEWMARKET,Mai Dubai,1m2f,6.0,8.0,9.44,0.13068233373465465,2024-05-05_17:25:00,4.0,False,8.0,0.045458669877237234,7,0.006494095696748177,kelly_low|ev_low|,0,False,100.0,0,0.0,12408.720432021499
2024-05-17,15:23:00,NEWMARKET,Arisaig,1m,3.0,3.75,4.0,0.18524746063961225,2024-05-17_15:23:00,4.0,False,3.75,-0.305322022601454,6,-0.11102619003689237,kelly_low|ev_low|,0,False,100.0,0,0.0,12408.720432021499
2024-05-17,15:23:00,NEWMARKET,Lautrec,1m,2.0,6.5,7.49,0.18623868389096718,2024-05-17_15:23:00,3.0,True,6.5,0.21055144529128678,6,0.03828208096205214,kelly_low|,0,False,100.0,0,0.0,12408.720432021499
2024-05-18,14:05:00,NEWMARKET,Dashing Darcey,7f,4.0,5.0,6.04,0.18943649117153671,2024-05-18_14:05:00,3.0,True,5.0,-0.05281754414231643,7,-0.013204386035579108,kelly_low|ev_low|,0,False,100.0,0,0.0,12408.720432021499
2024-05-18,14:05:00,NEWMARKET,Love Billy Boy,7f,2.0,5.5,6.48,0.1708022206805775,2024-05-18_14:05:00,4.0,False,5.5,-0.06058778625682382,7,-0.013463952501516404,kelly_low|ev_low|,0,False,100.0,0,0.0,12408.720432021499
2024-05-18,15:50:00,NEWMARKET,Blessed Honour,1m4f,2.0,3.75,4.1,0.15451004465356136,2024-05-18_15:50:00,3.0,True,3.75,-0.42058733254914493,6,-0.15294084819968906,kelly_low|ev_low|,0,False,100.0,0,0.0,12408.720432021499
2024-05-18,15:50:00,NEWMARKET,Sea La Venus,1m4f,5.0,7.0,7.31,0.1358861146583722,2024-05-18_15:50:00,4.0,False,7.0,-0.04879719739139465,6,-0.008132866231899108,kelly_low|ev_low|,0,False,100.0,0,0.0,12408.720432021499
2024-05-19,16:15:00,NEWMARKET,Hope You Can Run,1m6f,1.0,5.0,5.45,0.19702675637406764,2024-05-19_16:15:00,3.0,True,5.0,-0.014866218129661823,6,-0.003716554532415456,kelly_low|ev_low|,0,False,100.0,1,0.0,12408.720432021499
2024-05-19,16:15:00,NEWMARKET,Scottish Anthem,1m6f,6.0,5.0,6.33,0.19068075887935673,2024-05-19_16:15:00,4.0,False,5.0,-0.04659620560321631,6,-0.011649051400804078,kelly_low|ev_low|,0,False,100.0,0,0.0,12408.720432021499
2024-05-19,16:45:00,NEWMARKET,Gloucestershire,1m2f,3.0,9.0,10.95,0.1373638794131956,2024-05-19_16:45:00,4.0,False,9.0,0.2362749147187605,7,0.029534364339845062,kelly_low|,0,False,100.0,0,0.0,12308.720432021499
2024-05-19,17:45:00,NEWMARKET,Woodhay Wonder,6f,1.0,3.0,3.26,0.16560121484708593,2024-05-19_17:45:00,3.0,True,3.0,-0.5031963554587422,7,-0.2515981777293711,kelly_low|ev_low|,0,False,100.0,1,0.0,12308.720432021499
2024-05-19,17:45:00,NEWMARKET,The Coffee Pod,6f,7.0,12.0,16.5,0.11818283274080997,2024-05-19_17:45:00,4.0,False,12.0,0.4181939928897197,7,0.03801763571724725,kelly_low|odds_high|,0,False,100.0,0,0.0,12308.720432021499
2024-05-19,18:15:00,NEWMARKET,Isle Of Lismore,5f,2.0,5.0,6.2,0.1569291870308666,2024-05-19_18:15:00,4.0,False,5.0,-0.21535406484566688,7,-0.05383851621141672,kelly_low|ev_low|,0,False,100.0,0,0.0,12308.720432021499
2024-05-19,18:15:00,NEWMARKET,Harry Brown,5f,5.0,5.5,6.12,0.16318264410673983,2024-05-19_18:15:00,3.0,True,5.5,-0.10249545741293087,7,-0.022776768313984636,kelly_low|ev_low|,0,False,100.0,0,0.0,12308.720432021499
2024-06-21,18:03:00,NEWMARKET,Wathbah,7f,3.0,3.5,3.73,0.2771653507538883,2024-06-21_18:03:00,3.0,True,3.5,-0.02992127236139097,6,-0.011968508944556389,kelly_low|ev_low|,0,False,100.0,0,0.0,12308.720432021499
2024-06-21,18:03:00,NEWMARKET,Lockwood,7f,4.0,15.0,18.04,0.07046982780105114,2024-06-21_18:03:00,4.0,False,15.0,0.0570474170157671,6,0.004074815501126221,kelly_low|ev_low|odds_high|,0,False,100.0,0,0.0,12308.720432021499
2024-06-21,19:10:00,NEWMARKET,Speeding Bullet,1m,6.0,8.0,9.8,0.12184847968596269,2024-06-21_19:10:00,3.0,True,8.0,-0.02521216251229852,6,-0.0036017375017569314,kelly_low|ev_low|,0,False,100.0,0,0.0,12308.720432021499
2024-06-21,19:10:00,NEWMARKET,Makeen,1m,5.0,19.0,26.68,0.07817550454912388,2024-06-21_19:10:00,4.0,False,19.0,0.4853345864333538,6,0.02696303257963077,kelly_low|odds_high|,0,False,100.0,0,0.0,12308.720432021499
2024-06-21,20:55:00,NEWMARKET,Normandy Vista,1m4f,6.0,13.0,17.83,0.07209409037866986,2024-06-21_20:55:00,4.0,False,13.0,-0.06277682507729188,7,-0.005231402089774323,kelly_low|ev_low|odds_high|,0,False,100.0,0,0.0,12537.880573778943
2024-06-22,17:15:00,NEWMARKET,Expressionless,1m6f,2.0,4.5,5.14,0.1573465580940773,2024-06-22_17:15:00,3.0,True,4.5,-0.2919404885766522,7,-0.08341156816475778,kelly_low|ev_low|,0,False,100.0,0,0.0,12537.880573778943
2024-06-22,17:15:00,NEWMARKET,Mountain Road,1m6f,1.0,6.5,7.0,0.11086235922444711,2024-06-22_17:15:00,4.0,False,6.5,-0.2793946650410938,7,-0.050799030007471595,kelly_low|ev_low|,0,False,100.0,1,0.0,12537.880573778943
2024-06-27,14:50:00,NEWMARKET,Gold Aura,1m4f,5.0,3.5,3.7,0.20402487655999796,2024-06-27_14:50:00,4.0,False,3.5,-0.28591293204000723,5,-0.11436517281600289,kelly_low|ev_low|,0,False,100.0,0,0.0,12537.880573778943
2024-06-27,14:50:00,NEWMARKET,Secret Beach,1m4f,2.0,4.33,5.12,0.21687414360594087,2024-06-27_14:50:00,3.0,True,4.33,-0.06093495818627592,5,-0.0182987862421249,kelly_low|ev_low|,0,False,100.0,0,0.0,12537.880573778943
2024-06-27,15:25:00,NEWMARKET,Infinity Blue,6f,4.0,5.5,6.41,0.15795135839133423,2024-06-27_15:25:00,3.0,True,5.5,-0.1312675288476618,6,-0.029170561966147066,kelly_low|ev_low|,0,False,100.0,0,0.0,12537.880573778943
2024-06-27,15:25:00,NEWMARKET,Maximum Impact,6f,3.0,8.0,8.02,0.15438272867190497,2024-06-27_15:25:00,4.0,False,8.0,0.23506182937523967,6,0.033580261339319954,kelly_low|,0,False,100.0,0,0.0,12537.880573778943
2024-06-27,17:05:00,NEWMARKET,Jayyash,1m,2.0,4.0,4.4,0.21421820182055726,2024-06-27_17:05:00,3.0,True,4.0,-0.14312719271777097,6,-0.04770906423925699,kelly_low|ev_low|,0,False,100.0,0,0.0,12537.880573778943
2024-06-27,17:05:00,NEWMARKET,Winterfair,1m,3.0,6.0,6.35,0.19710320422925653,2024-06-27_17:05:00,4.0,False,6.0,0.1826192253755392,6,0.03652384507510784,kelly_low|,0,False,100.0,0,0.0,12537.880573778943
2024-06-27,17:40:00,NEWMARKET,Pfingstberg,2m,2.0,4.0,4.75,0.20433623932802755,2024-06-27_17:40:00,3.0,True,4.0,-0.1826550426878898,6,-0.0608850142292966,kelly_low|ev_low|,0,False,100.0,0,0.0,12437.880573778943
2024-06-28,17:50:00,NEWMARKET,Orchard Keeper,1m2f,1.0,4.33,4.78,0.22098075054622385,2024-06-28_17:50:00,3.0,True,4.33,-0.043153350134850776,5,-0.012958964004459693,kelly_low|ev_low|,0,False,100.0,1,0.0,12437.880573778943
2024-06-28,17:50:00,NEWMARKET,Pink Lily,1m2f,4.0,6.5,8.06,0.17517646870881254,2024-06-28_17:50:00,4.0,False,6.5,0.13864704660728144,5,0.025208553928596625,kelly_low|,0,False,100.0,0,0.0,12437.880573778943
2024-06-28,19:00:00,NEWMARKET,Hitched,1m,5.0,5.0,5.61,0.14009873303037204,2024-06-28_19:00:00,4.0,False,5.0,-0.2995063348481398,5,-0.07487658371203496,kelly_low|ev_low|,0,False,100.0,0,0.0,12437.880573778943
2024-06-28,19:00:00,NEWMARKET,Come On You Spurs,1m,2.0,5.5,6.4,0.17864577022629285,2024-06-28_19:00:00,3.0,True,5.5,-0.017448263755389215,5,-0.0038773919456420477,kelly_low|ev_low|,0,False,100.0,0,0.0,12437.880573778943
2024-06-28,19:35:00,NEWMARKET,Aquacell,7f,2.0,7.0,8.19,0.1485682261733503,2024-06-28_19:35:00,3.0,True,7.0,0.03997758321345213,5,0.006662930535575355,kelly_low|ev_low|,0,False,100.0,0,0.0,12437.880573778943
2024-06-28,19:35:00,NEWMARKET,Secret World,7f,3.0,11.0,13.49,0.1160001955304423,2024-06-28_19:35:00,4.0,False,11.0,0.27600215083486523,5,0.027600215083486524,kelly_low|odds_high|,0,False,100.0,0,0.0,12437.880573778943
2024-06-28,20:10:00,NEWMARKET,Rosy Affair,6f,1.0,4.33,4.63,0.19271640718721525,2024-06-28_20:10:00,3.0,True,4.33,-0.1655379568793579,5,-0.04971109816196934,kelly_low|ev_low|,0,False,100.0,1,0.0,12437.880573778943
2024-06-28,20:10:00,NEWMARKET,Thursdays Child,6f,5.0,15.0,19.0,0.07351638838399795,2024-06-28_20:10:00,4.0,False,15.0,0.10274582575996916,5,0.007338987554283511,kelly_low|odds_high|,0,False,100.0,0,0.0,12437.880573778943
2024-06-28,20:45:00,NEWMARKET,Yippee,1m2f,5.0,8.0,9.35,0.1526780423047762,2024-06-28_20:45:00,4.0,False,8.0,0.22142433843820952,5,0.03163204834831564,kelly_low|,0,False,100.0,0,0.0,12291.915134361509
2024-06-29,14:50:00,NEWMARKET,King Of Conquest,1m4f,1.0,2.38,2.62,0.21127206910271368,2024-06-29_14:50:00,3.0,True,2.38,-0.49717247553554145,6,-0.3602699098083634,kelly_low|ev_low|,0,False,100.0,1,0.0,12291.915134361509
2024-06-29,14:50:00,NEWMARKET,Aimeric,1m4f,2.0,6.5,7.6,0.14021705410741922,2024-06-29_14:50:00,4.0,False,6.5,-0.088589148301775,6,-0.01610711787305,kelly_low|ev_low|,0,False,100.0,0,0.0,12291.915134361509
2024-06-29,15:25:00,NEWMARKET,Pogo,7f,4.0,4.5,5.57,0.23200971778423676,2024-06-29_15:25:00,3.0,True,4.5,0.044043730029065364,5,0.012583922865447248,kelly_low|ev_low|,0,False,100.0,0,0.0,12291.915134361509
2024-06-29,15:25:00,NEWMARKET,Witch Hunter,7f,3.0,5.0,5.52,0.22792371279932103,2024-06-29_15:25:00,4.0,False,5.0,0.1396185639966051,5,0.034904640999151276,kelly_low|,0,False,100.0,0,0.0,12291.915134361509
2024-06-29,16:00:00,NEWMARKET,Speriamo,1m,5.0,6.0,5.99,0.1516786716755761,2024-06-29_16:00:00,4.0,False,6.0,-0.08992796994654328,5,-0.017985593989308657,kelly_low|ev_low|,0,False,100.0,0,0.0,12191.915134361509
2024-06-29,16:35:00,NEWMARKET,Alhattan,1m4f,2.0,4.5,5.7,0.17775912811135447,2024-06-29_16:35:00,4.0,False,4.5,-0.20008392349890491,5,-0.0571668352854014,kelly_low|ev_low|,0,False,100.0,0,0.0,12091.75082371445
2024-06-29,17:10:00,NEWMARKET,Mafnood,1m2f,2.0,5.5,6.0,0.15665992092071032,2024-06-29_17:10:00,3.0,True,5.5,-0.13837043493609325,7,-0.030748985541354055,kelly_low|ev_low|,0,False,100.0,0,0.0,12091.75082371445
2024-06-29,17:10:00,NEWMARKET,Snipers Eye,1m2f,6.0,11.0,13.72,0.13814962804157804,2024-06-29_17:10:00,4.0,False,11.0,0.5196459084573585,7,0.05196459084573585,odds_high|,0,False,100.0,0,0.0,12091.75082371445
2024-07-11,13:50:00,NEWMARKET,Royal Supremacy,1m5f,2.0,5.5,5.59,0.1549589868998003,2024-07-11_13:50:00,4.0,False,5.5,-0.14772557205109837,4,-0.032827904900244086,kelly_low|ev_low|,0,False,100.0,0,0.0,12091.75082371445
2024-07-11,13:50:00,NEWMARKET,Portland,1m5f,3.0,6.5,7.6,0.17959400804102757,2024-07-11_13:50:00,3.0,True,6.5,0.1673610522666792,4,0.030429282230305308,kelly_low|,0,False,100.0,0,0.0,12091.75082371445
2024-07-11,14:25:00,NEWMARKET,Aomori City,6f,3.0,8.0,8.88,0.1293211266782469,2024-07-11_14:25:00,4.0,False,8.0,0.03456901342597529,6,0.004938430489425042,kelly_low|ev_low|,0,False,100.0,0,0.0,12091.75082371445
2024-07-11,14:25:00,NEWMARKET,Rajeko,6f,4.0,17.0,22.0,0.13978494375692788,2024-07-11_14:25:00,3.0,True,17.0,1.3763440438677739,6,0.08602150274173587,odds_high|,0,False,100.0,0,0.0,12091.75082371445
2024-07-11,15:35:00,NEWMARKET,Hamish,1m4f,4.0,2.1,2.2,0.11717559600349263,2024-07-11_15:35:00,4.0,False,2.1,-0.7539312483926655,6,-0.6853920439933322,kelly_low|ev_low|,0,False,100.0,0,0.0,11881.499958309802
2024-07-11,16:45:00,NEWMARKET,Socialite,1m,4.0,7.0,8.27,0.12764331404377544,2024-07-11_16:45:00,4.0,False,7.0,-0.10649680169357201,6,-0.017749466948928667,kelly_low|ev_low|,0,False,100.0,0,0.0,12431.499958309802
2024-07-12,15:35:00,NEWMARKET,Running Lion,1m,7.0,5.0,5.9,0.22877723028021385,2024-07-12_15:35:00,3.0,True,5.0,0.1438861514010692,7,0.0359715378502673,kelly_low|,0,False,100.0,0,0.0,12431.499958309802
2024-07-12,15:35:00,NEWMARKET,A Lilac Rolla,1m,3.0,5.5,6.2,0.18392829864560084,2024-07-12_15:35:00,4.0,False,5.5,0.01160564255080454,7,0.0025790316779565644,kelly_low|ev_low|,0,False,100.0,0,0.0,12431.499958309802
2024-07-13,15:25:00,NEWMARKET,Seagulls Eleven,7f,2.0,6.0,7.15,0.14558196805373044,2024-07-13_15:25:00,3.0,True,6.0,-0.1265081916776173,6,-0.025301638335523458,kelly_low|ev_low|,0,False,100.0,0,0.0,12431.499958309802
2024-07-13,15:25:00,NEWMARKET,Wimbledon Hawkeye,7f,3.0,21.0,25.2,0.12029068594658088,2024-07-13_15:25:00,4.0,False,21.0,1.5261044048781984,6,0.07630522024390993,odds_high|,0,False,100.0,0,0.0,12431.499958309802
2024-07-20,17:30:00,NEWMARKET,Lir Speciale,7f,4.0,6.0,6.82,0.10994651867506529,2024-07-20_17:30:00,4.0,False,6.0,-0.34032088794960824,7,-0.06806417758992164,kelly_low|ev_low|,0,False,100.0,0,0.0,12431.499958309802
2024-07-20,17:30:00,NEWMARKET,Havana Blue,7f,6.0,7.5,8.12,0.1474473952580544,2024-07-20_17:30:00,3.0,True,7.5,0.10585546443540794,7,0.016285456066985837,kelly_low|,0,False,100.0,0,0.0,12431.499958309802
2024-08-02,20:28:00,NEWMARKET,Kehlani,1m4f,5.0,9.5,12.0,0.09256990439642829,2024-08-02_20:28:00,4.0,False,9.5,-0.12058590823393123,7,-0.014186577439286027,kelly_low|ev_low|,0,False,100.0,0,0.0,12331.499958309802
2024-08-03,15:15:00,NEWMARKET,Unex Friendly,7f,4.0,15.0,19.43,0.15104846747487471,2024-08-03_15:15:00,3.0,True,15.0,1.2657270121231208,6,0.09040907229450863,odds_high|,0,False,100.0,0,0.0,12331.499958309802
2024-08-03,15:15:00,NEWMARKET,Kaiya,7f,6.0,19.0,28.01,0.10292342817808153,2024-08-03_15:15:00,4.0,False,19.0,0.9555451353835491,6,0.05308584085464162,odds_high|,0,False,100.0,0,0.0,12331.499958309802
2024-08-03,15:50:00,NEWMARKET,Cracking Gold,7f,4.0,4.33,4.5,0.17630552648002426,2024-08-03_15:50:00,3.0,True,4.33,-0.2365970703414949,6,-0.07105017127372219,kelly_low|ev_low|,0,False,100.0,0,0.0,12331.499958309802
2024-08-03,15:50:00,NEWMARKET,Quatre Bras,7f,5.0,7.0,8.2,0.1654554237352225,2024-08-03_15:50:00,4.0,False,7.0,0.1581879661465576,6,0.026364661024426268,kelly_low|,0,False,100.0,0,0.0,12331.499958309802
2024-08-03,17:00:00,NEWMARKET,Catch Cunningham,5f,1.0,3.5,3.83,0.09890382340934478,2024-08-03_17:00:00,4.0,False,3.5,-0.6538366180672932,7,-0.26153464722691727,kelly_low|ev_low|,0,False,100.0,1,0.0,12717.036709185648
2024-08-09,17:25:00,NEWMARKET,Cable Rate,7f,6.0,13.0,18.29,0.10205277648967435,2024-08-09_17:25:00,4.0,False,13.0,0.32668609436576657,7,0.027223841197147214,kelly_low|odds_high|,0,False,100.0,0,0.0,12610.917846967905
2024-08-09,19:45:00,NEWMARKET,Tayala,7f,7.0,3.5,3.75,0.163050972027347,2024-08-09_19:45:00,3.0,True,3.5,-0.42932159790428553,7,-0.1717286391617142,kelly_low|ev_low|,0,False,100.0,0,0.0,12510.917846967905
2024-08-09,20:16:00,NEWMARKET,Dr Foster,1m2f,5.0,6.5,7.81,0.14629742067608162,2024-08-09_20:16:00,3.0,True,6.5,-0.04906676560546941,7,-0.008921230110085348,kelly_low|ev_low|,0,False,100.0,0,0.0,12510.917846967905
2024-08-09,20:16:00,NEWMARKET,Ajdayet,1m2f,4.0,12.0,13.5,0.09753104477617085,2024-08-09_20:16:00,4.0,False,12.0,0.1703725373140501,7,0.015488412483095465,kelly_low|odds_high|,0,False,100.0,0,0.0,12510.917846967905
2024-08-10,14:30:00,NEWMARKET,Saxonia,7f,4.0,4.33,4.92,0.24051940523723148,2024-08-10_14:30:00,3.0,True,4.33,0.04144902467721234,4,0.012447154557721425,kelly_low|ev_low|,0,False,100.0,0,0.0,12383.595764601261
2024-08-10,15:40:00,NEWMARKET,Mountain Breeze,7f,2.0,3.0,3.2,0.16579902695019497,2024-08-10_15:40:00,3.0,True,3.0,-0.502602919149415,7,-0.2513014595747075,kelly_low|ev_low|,0,False,100.0,0,0.0,12383.595764601261
2024-08-10,15:40:00,NEWMARKET,Elsies Ruan,7f,3.0,13.0,17.45,0.10884749841837119,2024-08-10_15:40:00,4.0,False,13.0,0.4150174794388255,7,0.03458478995323546,kelly_low|odds_high|,0,False,100.0,0,0.0,12383.595764601261
2024-08-10,16:15:00,NEWMARKET,Zain Blue,1m,3.0,4.5,5.15,0.21189531316360105,2024-08-10_16:15:00,3.0,True,4.5,-0.0464710907637953,6,-0.013277454503941513,kelly_low|ev_low|,0,False,100.0,0,0.0,12383.595764601261
2024-08-10,16:15:00,NEWMARKET,Aafoor,1m,2.0,9.0,12.38,0.14083270332957903,2024-08-10_16:15:00,4.0,False,9.0,0.26749432996621136,6,0.03343679124577642,kelly_low|,0,False,100.0,0,0.0,12383.595764601261
2024-08-10,16:50:00,NEWMARKET,Rogue Tornado,1m4f,3.0,4.5,4.74,0.17832176973023406,2024-08-10_16:50:00,3.0,True,4.5,-0.1975520362139468,6,-0.056443438918270514,kelly_low|ev_low|,0,False,100.0,0,0.0,12383.595764601261
2024-08-10,16:50:00,NEWMARKET,Galactic Charm,1m4f,1.0,5.5,6.12,0.1731127719643475,2024-08-10_16:50:00,4.0,False,5.5,-0.04787975419608881,6,-0.010639945376908624,kelly_low|ev_low|,0,False,100.0,1,0.0,12383.595764601261
2024-08-16,18:15:00,NEWMARKET,Hey Lyla,1m,6.0,4.33,4.9,0.1760038447951284,2024-08-16_18:15:00,3.0,True,4.33,-0.237903352037094,6,-0.07144244805918738,kelly_low|ev_low|,0,False,100.0,0,0.0,12383.595764601261
2024-08-16,18:15:00,NEWMARKET,New Kings Road,1m,2.0,5.0,6.47,0.17567521788173995,2024-08-16_18:15:00,4.0,False,5.0,-0.12162391059130018,6,-0.030405977647825044,kelly_low|ev_low|,0,False,100.0,0,0.0,12383.595764601261
2024-08-16,18:50:00,NEWMARKET,Classic,1m,5.0,3.25,3.49,0.17472887406411428,2024-08-16_18:50:00,3.0,True,3.25,-0.4321311592916286,6,-0.1920582930185016,kelly_low|ev_low|,0,False,100.0,0,0.0,12383.595764601261
2024-08-16,18:50:00,NEWMARKET,Dutch Decoy,1m,6.0,6.0,6.4,0.13901642519672872,2024-08-16_18:50:00,4.0,False,6.0,-0.16590144881962765,6,-0.03318028976392553,kelly_low|ev_low|,0,False,100.0,0,0.0,12383.595764601261
2024-08-16,19:25:00,NEWMARKET,Tribal Wisdom,1m2f,4.0,4.5,5.33,0.21542388612141608,2024-08-16_19:25:00,3.0,True,4.5,-0.030592512453627707,6,-0.00874071784389363,kelly_low|ev_low|,0,False,100.0,0,0.0,12383.595764601261
2024-08-16,19:25:00,NEWMARKET,The Thunderer,1m2f,2.0,7.0,7.2,0.05052786428916886,2024-08-16_19:25:00,4.0,False,7.0,-0.646304949975818,6,-0.10771749166263633,kelly_low|ev_low|,0,False,100.0,0,0.0,12383.595764601261
2024-08-17,15:45:00,NEWMARKET,Truthful,1m6f,5.0,9.0,11.02,0.09156950928673054,2024-08-17_15:45:00,4.0,False,9.0,-0.17587441641942514,7,-0.021984302052428142,kelly_low|ev_low|,0,False,100.0,0,0.0,12283.595764601261
2024-08-17,16:20:00,NEWMARKET,Autumn Dream,1m2f,4.0,2.5,2.9,0.27065501986459606,2024-08-17_16:20:00,3.0,True,2.5,-0.32336245033850985,4,-0.2155749668923399,kelly_low|ev_low|,0,False,100.0,0,0.0,12183.595764601261
2024-08-23,15:20:00,NEWMARKET,Monkey Island,1m,3.0,5.0,5.36,0.131849044532071,2024-08-23_15:20:00,4.0,False,5.0,-0.340754777339645,7,-0.08518869433491125,kelly_low|ev_low|,0,False,100.0,0,0.0,12633.595764601261
2024-08-23,15:20:00,NEWMARKET,Charming Whisper,1m,4.0,5.0,5.1,0.1504502183646273,2024-08-23_15:20:00,3.0,True,5.0,-0.24774890817686357,7,-0.06193722704421589,kelly_low|ev_low|,0,False,100.0,0,0.0,12633.595764601261
2024-08-23,15:55:00,NEWMARKET,Typical Woman,1m2f,1.0,1.44,1.46,0.24647316215292434,2024-08-23_15:55:00,3.0,True,1.44,-0.645078646499789,5,-1.466087832954066,kelly_low|ev_low|odds_low|,0,False,100.0,1,0.0,12633.595764601261
2024-08-23,15:55:00,NEWMARKET,Eljaytee,1m2f,3.0,34.0,55.0,0.038852707263474624,2024-08-23_15:55:00,4.0,False,34.0,0.3209920469581372,5,0.009727031726004158,kelly_low|odds_high|,0,False,100.0,0,0.0,12633.595764601261
2024-08-23,16:30:00,NEWMARKET,Regal Connection,1m4f,1.0,4.33,4.9,0.21522460922782183,2024-08-23_16:30:00,3.0,True,4.33,-0.0680774420435315,6,-0.0204436762893488,kelly_low|ev_low|,0,False,100.0,1,0.0,12633.595764601261
2024-08-23,16:30:00,NEWMARKET,The Thunderer,1m4f,3.0,5.5,5.97,0.16195434122846922,2024-08-23_16:30:00,4.0,False,5.5,-0.10925112324341935,6,-0.024278027387426522,kelly_low|ev_low|,0,False,100.0,0,0.0,12633.595764601261
2024-08-24,14:10:00,NEWMARKET,Mashadi,6f,5.0,4.5,4.6,0.1629678190291615,2024-08-24_14:10:00,3.0,True,4.5,-0.2666448143687733,7,-0.07618423267679238,kelly_low|ev_low|,0,False,100.0,0,0.0,12633.595764601261
2024-08-24,14:10:00,NEWMARKET,Raatea,6f,6.0,7.0,7.2,0.14665068703941467,2024-08-24_14:10:00,4.0,False,7.0,0.026554809275902702,7,0.004425801545983783,kelly_low|ev_low|,0,False,100.0,0,0.0,12633.595764601261
2024-08-24,14:45:00,NEWMARKET,Apotheosis,7f,4.0,3.5,3.77,0.18895305849614705,2024-08-24_14:45:00,3.0,True,3.5,-0.3386642952634853,4,-0.13546571810539412,kelly_low|ev_low|,0,False,100.0,0,0.0,12633.595764601261
2024-08-24,14:45:00,NEWMARKET,Love Billy Boy,7f,3.0,5.5,6.21,0.12370597838021874,2024-08-24_14:45:00,4.0,False,5.5,-0.31961711890879685,4,-0.07102602642417707,kelly_low|ev_low|,0,False,100.0,0,0.0,12633.595764601261
2024-08-24,15:55:00,NEWMARKET,Vadream,6f,3.0,2.75,2.79,0.20269642821050543,2024-08-24_15:55:00,3.0,True,2.75,-0.44258482242111,7,-0.25290561281206286,kelly_low|ev_low|,0,False,100.0,0,0.0,12633.595764601261
2024-08-24,15:55:00,NEWMARKET,Orne,6f,6.0,9.0,10.68,0.1078322283346784,2024-08-24_15:55:00,4.0,False,9.0,-0.029509944987894388,7,-0.0036887431234867984,kelly_low|ev_low|,0,False,100.0,0,0.0,12633.595764601261
2024-08-24,16:30:00,NEWMARKET,Calvert,1m6f,2.0,7.0,8.14,0.11588182413052799,2024-08-24_16:30:00,3.0,True,7.0,-0.18882723108630417,5,-0.0314712051810507,kelly_low|ev_low|,0,False,100.0,0,0.0,12633.595764601261
2024-08-24,16:30:00,NEWMARKET,Fox Journey,1m6f,3.0,7.0,8.14,0.10810303684379066,2024-08-24_16:30:00,4.0,False,7.0,-0.24327874209346534,5,-0.040546457015577554,kelly_low|ev_low|,0,False,100.0,0,0.0,12633.595764601261
2024-08-24,17:02:00,NEWMARKET,Good Earth,5f,1.0,2.88,3.02,0.16327668826506636,2024-08-24_17:02:00,4.0,False,2.88,-0.5297631377966089,5,-0.2817889030833026,kelly_low|ev_low|,0,False,100.0,1,0.0,12633.595764601261
2024-08-24,17:02:00,NEWMARKET,Coup De Force,5f,4.0,3.25,3.45,0.2326537064123623,2024-08-24_17:02:00,3.0,True,3.25,-0.2438754541598226,5,-0.10838909073769892,kelly_low|ev_low|,0,False,100.0,0,0.0,12633.595764601261
2024-09-21,13:35:00,NEWMARKET,Cast Party,1m,3.0,6.0,7.4,0.19141980163810168,2024-09-21_13:35:00,3.0,True,6.0,0.1485188098286101,7,0.02970376196572202,kelly_low|,0,False,100.0,0,0.0,12633.595764601261
2024-09-21,13:35:00,NEWMARKET,Suhub,1m,2.0,11.0,14.09,0.11877922832441255,2024-09-21_13:35:00,4.0,False,11.0,0.306571511568538,7,0.0306571511568538,kelly_low|odds_high|,0,False,100.0,0,0.0,12633.595764601261
2024-09-21,16:30:00,NEWMARKET,Ciara Pearl,1m2f,6.0,3.75,3.89,0.20294450259475574,2024-09-21_16:30:00,3.0,True,3.75,-0.23895811526966604,7,-0.08689386009806038,kelly_low|ev_low|,0,False,100.0,0,0.0,12633.595764601261
2024-09-21,16:30:00,NEWMARKET,Speriamo,1m2f,2.0,6.5,7.59,0.15567711791010555,2024-09-21_16:30:00,4.0,False,6.5,0.011901266415686007,7,0.0021638666210338194,kelly_low|ev_low|,0,False,100.0,0,0.0,12633.595764601261
2024-09-26,13:35:00,NEWMARKET,Devils Advocate,1m,3.0,5.0,6.0,0.1874697060775446,2024-09-26_13:35:00,3.0,True,5.0,-0.06265146961227708,7,-0.01566286740306927,kelly_low|ev_low|,0,False,100.0,0,0.0,12533.595764601261
2024-09-26,14:10:00,NEWMARKET,Louie The Legend,1m,5.0,10.0,14.0,0.09239360358397243,2024-09-26_14:10:00,4.0,False,10.0,-0.07606396416027572,7,-0.008451551573363969,kelly_low|ev_low|,0,False,100.0,0,0.0,12433.595764601261
2024-09-26,14:45:00,NEWMARKET,Funny Story,6f,4.0,2.88,3.31,0.17444174650055758,2024-09-26_14:45:00,3.0,True,2.88,-0.49760777007839424,5,-0.2646849840842523,kelly_low|ev_low|,0,False,100.0,0,0.0,12433.595764601261
2024-09-26,14:45:00,NEWMARKET,Sophias Starlight,6f,1.0,7.5,7.94,0.13399460597395194,2024-09-26_14:45:00,4.0,False,7.5,0.00495954480463956,5,0.0007630068930214707,kelly_low|ev_low|,0,False,100.0,1,0.0,12433.595764601261
2024-09-26,15:20:00,NEWMARKET,Diego Ventura,7f,2.0,5.5,6.19,0.138184884646733,2024-09-26_15:20:00,4.0,False,5.5,-0.23998313444296837,6,-0.05332958543177075,kelly_low|ev_low|,0,False,100.0,0,0.0,13083.595764601261
2024-09-26,15:55:00,NEWMARKET,Samui,2m,3.0,7.0,7.84,0.03867517702065502,2024-09-26_15:55:00,4.0,False,7.0,-0.7292737608554148,5,-0.12154562680923581,kelly_low|ev_low|,0,False,100.0,0,0.0,12976.206482389021
2024-09-27,13:50:00,NEWMARKET,Spiritual,1m,3.0,5.0,5.23,0.2254675356598102,2024-09-27_13:50:00,3.0,True,5.0,0.12733767829905096,5,0.03183441957476274,kelly_low|,0,False,100.0,0,0.0,12820.606606920572
2024-09-27,14:25:00,NEWMARKET,Sea Of Roses,1m4f,5.0,3.0,3.3,0.08292302037128506,2024-09-27_14:25:00,4.0,False,3.0,-0.7512309388861448,5,-0.3756154694430724,kelly_low|ev_low|,0,False,100.0,0,0.0,12820.606606920572
2024-09-27,14:25:00,NEWMARKET,Comic Book,1m4f,2.0,11.0,13.0,0.15235676185624777,2024-09-27_14:25:00,3.0,True,11.0,0.6759243804187256,5,0.06759243804187257,odds_high|,0,False,100.0,0,0.0,12820.606606920572
2024-09-27,15:00:00,NEWMARKET,Duty First,7f,3.0,6.5,6.51,0.14883283324688565,2024-09-27_15:00:00,3.0,True,6.5,-0.03258658389524327,5,-0.005924833435498777,kelly_low|ev_low|,0,False,100.0,0,0.0,12820.606606920572
2024-09-27,15:00:00,NEWMARKET,Definitive,7f,5.0,17.0,21.55,0.13912371122183448,2024-09-27_15:00:00,4.0,False,17.0,1.365103090771186,5,0.08531894317319913,odds_high|,0,False,100.0,0,0.0,12820.606606920572
2024-09-27,15:35:00,NEWMARKET,Prague,1m,1.0,4.33,4.48,0.22513294130757278,2024-09-27_15:35:00,3.0,True,4.33,-0.025174364138209837,4,-0.007559869110573525,kelly_low|ev_low|,0,False,100.0,1,0.0,12820.606606920572
2024-09-27,15:35:00,NEWMARKET,Ice Max,1m,4.0,5.0,5.74,0.1568851995850045,2024-09-27_15:35:00,4.0,False,5.0,-0.21557400207497757,4,-0.05389350051874439,kelly_low|ev_low|,0,False,100.0,0,0.0,12820.606606920572
2024-09-27,16:45:00,NEWMARKET,Burdett Road,1m4f,1.0,11.0,12.5,0.08289005294984884,2024-09-27_16:45:00,4.0,False,11.0,-0.08820941755166267,5,-0.008820941755166267,kelly_low|ev_low|odds_high|,0,False,100.0,1,0.0,12720.606606920572
2024-09-27,17:20:00,NEWMARKET,Battle Queen,1m1f,2.0,3.25,3.31,0.19524950095992383,2024-09-27_17:20:00,3.0,True,3.25,-0.36543912188024763,5,-0.16241738750233228,kelly_low|ev_low|,0,False,100.0,0,0.0,12720.606606920572
2024-09-27,17:20:00,NEWMARKET,Zozimus,1m1f,5.0,7.0,8.2,0.08354742671352633,2024-09-27_17:20:00,4.0,False,7.0,-0.4151680130053157,5,-0.06919466883421928,kelly_low|ev_low|,0,False,100.0,0,0.0,12720.606606920572
2024-09-28,13:50:00,NEWMARKET,Angelo Buonarroti,1m,3.0,4.0,4.7,0.14478359880519545,2024-09-28_13:50:00,4.0,False,4.0,-0.4208656047792182,7,-0.14028853492640606,kelly_low|ev_low|,0,False,100.0,0,0.0,12720.606606920572
2024-09-28,13:50:00,NEWMARKET,Luther,1m,5.0,5.0,5.3,0.16850014338226546,2024-09-28_13:50:00,3.0,True,5.0,-0.15749928308867267,7,-0.03937482077216817,kelly_low|ev_low|,0,False,100.0,0,0.0,12720.606606920572
2024-09-28,14:25:00,NEWMARKET,Daylight,6f,2.0,7.5,7.77,0.07946951892034558,2024-09-28_14:25:00,4.0,False,7.5,-0.40397860809740815,7,-0.06215055509190895,kelly_low|ev_low|,0,False,100.0,0,0.0,12720.606606920572
2024-09-28,14:25:00,NEWMARKET,Rayevka,6f,6.0,12.0,13.61,0.16186761741894387,2024-09-28_14:25:00,3.0,True,12.0,0.9424114090273265,7,0.08567376445702968,odds_high|,0,False,100.0,0,0.0,12720.606606920572
2024-09-28,15:00:00,NEWMARKET,Black Forza,6f,4.0,13.0,16.16,0.0786134051388923,2024-09-28_15:00:00,4.0,False,13.0,0.021974266805599774,6,0.0018311889004666477,kelly_low|ev_low|odds_high|,0,False,100.0,0,0.0,12620.606606920572
2024-10-05,14:40:00,NEWMARKET,Inspiral,1m,2.0,5.5,6.0,0.1663585904591326,2024-10-05_14:40:00,3.0,True,5.5,-0.08502775247477079,6,-0.01889505610550462,kelly_low|ev_low|,0,False,100.0,0,0.0,12620.606606920572
2024-10-05,14:40:00,NEWMARKET,Darnation,1m,6.0,17.0,19.83,0.165219040280647,2024-10-05_14:40:00,4.0,False,17.0,1.8087236847709989,6,0.11304523029818743,odds_high|,0,False,100.0,0,0.0,12620.606606920572
2024-10-05,15:50:00,NEWMARKET,Cape Breton,1m,5.0,3.25,3.45,0.19024172081603655,2024-10-05_15:50:00,3.0,True,3.25,-0.38171440734788126,7,-0.16965084771016944,kelly_low|ev_low|,0,False,100.0,0,0.0,12620.606606920572
2024-10-05,15:50:00,NEWMARKET,Strong Belief,1m,4.0,13.0,17.48,0.14433088495255064,2024-10-05_15:50:00,4.0,False,13.0,0.8763015043831583,7,0.07302512536526319,odds_high|,0,False,100.0,0,0.0,12620.606606920572
2024-10-11,15:35:00,NEWMARKET,Dreamy,1m,4.0,8.5,12.19,0.10559380863565268,2024-10-11_15:35:00,4.0,False,8.5,-0.1024526265969522,7,-0.01366035021292696,kelly_low|ev_low|,0,False,100.0,0,0.0,12620.606606920572
2024-10-11,15:35:00,NEWMARKET,Ballet Slippers,1m,3.0,15.0,20.08,0.11938577486712863,2024-10-11_15:35:00,3.0,True,15.0,0.7907866230069295,7,0.056484758786209247,odds_high|,0,False,100.0,0,0.0,12620.606606920572
2024-10-12,13:50:00,NEWMARKET,Green Storm,1m2f,2.0,7.0,7.59,0.17151208493886688,2024-10-12_13:50:00,3.0,True,7.0,0.20058459457206812,7,0.03343076576201135,kelly_low|,0,False,100.0,0,0.0,12620.606606920572
2024-10-12,13:50:00,NEWMARKET,Too Soon,1m2f,4.0,9.0,10.0,0.11236854281966846,2024-10-12_13:50:00,4.0,False,9.0,0.01131688537701614,7,0.0014146106721270174,kelly_low|ev_low|,0,False,100.0,0,0.0,12620.606606920572
2024-10-12,14:25:00,NEWMARKET,Silver Peak,1m,4.0,3.75,4.0,0.22107880292290535,2024-10-12_14:25:00,3.0,True,3.75,-0.17095448903910493,6,-0.0621652687414927,kelly_low|ev_low|,0,False,100.0,0,0.0,12620.606606920572
2024-10-12,14:25:00,NEWMARKET,Genealogy,1m,5.0,7.5,9.32,0.10941221406343107,2024-10-12_14:25:00,4.0,False,7.5,-0.17940839452426693,6,-0.027601291465271835,kelly_low|ev_low|,0,False,100.0,0,0.0,12620.606606920572
2024-10-12,15:00:00,NEWMARKET,Seagulls Eleven,7f,4.0,10.0,13.63,0.0779380184821883,2024-10-12_15:00:00,4.0,False,10.0,-0.22061981517811702,5,-0.02451331279756856,kelly_low|ev_low|,0,False,100.0,0,0.0,12620.606606920572
2024-10-12,15:00:00,NEWMARKET,Expanded,7f,2.0,13.0,17.02,0.17200386971352621,2024-10-12_15:00:00,3.0,True,13.0,1.2360503062758408,5,0.1030041921896534,odds_high|,0,False,100.0,0,0.0,12620.606606920572
2024-10-23,14:55:00,NEWMARKET,St Mawes,1m2f,3.0,3.5,3.63,0.18316468925299834,2024-10-23_14:55:00,3.0,True,3.5,-0.3589235876145058,7,-0.14356943504580233,kelly_low|ev_low|,0,False,100.0,0,0.0,13520.606606920572
2024-10-23,15:30:00,NEWMARKET,Harmonia,1m2f,4.0,9.0,11.0,0.05677301416979437,2024-10-23_15:30:00,4.0,False,9.0,-0.48904287247185063,6,-0.06113035905898133,kelly_low|ev_low|,0,False,100.0,0,0.0,13520.606606920572
2024-10-23,15:30:00,NEWMARKET,Many Men,1m2f,1.0,15.0,17.12,0.1311961187485644,2024-10-23_15:30:00,3.0,True,15.0,0.9679417812284661,6,0.06913869865917614,odds_high|,0,False,100.0,1,0.0,13520.606606920572
2024-11-01,16:02:00,NEWMARKET,First Officer,1m2f,2.0,3.5,3.65,0.24598161542508784,2024-11-01_16:02:00,3.0,True,3.5,-0.13906434601219264,4,-0.055625738404877056,kelly_low|ev_low|,0,False,100.0,0,0.0,13520.606606920572
2024-11-01,16:02:00,NEWMARKET,On The River,1m2f,3.0,5.5,7.29,0.21233124767743164,2024-11-01_16:02:00,4.0,False,5.5,0.16782186222587403,4,0.03729374716130534,kelly_low|,0,False,100.0,0,0.0,13520.606606920572
2024-11-02,13:42:00,NEWMARKET,Chelsea Embankment,1m1f,2.0,4.0,3.89,0.22660668840785658,2024-11-02_13:42:00,3.0,True,4.0,-0.09357324636857367,6,-0.03119108212285789,kelly_low|ev_low|,0,False,100.0,0,0.0,13520.606606920572
2024-11-02,13:42:00,NEWMARKET,Grecian Legacy,1m1f,4.0,5.0,6.0,0.16869630607911848,2024-11-02_13:42:00,4.0,False,5.0,-0.15651846960440763,6,-0.03912961740110191,kelly_low|ev_low|,0,False,100.0,0,0.0,13520.606606920572
2024-11-02,15:27:00,NEWMARKET,Peace Man,1m2f,2.0,5.0,5.8,0.15388671040794008,2024-11-02_15:27:00,3.0,True,5.0,-0.23056644796029957,5,-0.05764161199007489,kelly_low|ev_low|,0,False,100.0,0,0.0,13520.606606920572
2024-11-02,15:27:00,NEWMARKET,Sons And Lovers,1m2f,4.0,17.0,19.81,0.14566240637750336,2024-11-02_15:27:00,4.0,False,17.0,1.476260908417557,5,0.09226630677609732,odds_high|,0,False,100.0,0,0.0,13520.606606920572
2025-04-15,15:00:00,NEWMARKET,Ottoman Fleet,1m1f,2.0,3.0,3.11,0.2118556215570057,2025-04-15_15:00:00,3.0,True,3.0,-0.3644331353289828,5,-0.1822165676644914,kelly_low|ev_low|,0,False,100.0,0,0.0,13420.606606920572
2025-04-15,16:10:00,NEWMARKET,Twilight Star,5f,3.0,5.0,5.86,0.16739390174900481,2025-04-15_16:10:00,3.0,True,5.0,-0.16303049125497593,7,-0.04075762281374398,kelly_low|ev_low|,0,False,100.0,0,0.0,13420.606606920572
2025-04-15,16:10:00,NEWMARKET,Naanas Shadow,5f,7.0,15.0,16.68,0.13788578693586062,2025-04-15_16:10:00,4.0,False,15.0,1.0682868040379092,7,0.07630620028842208,odds_high|,0,False,100.0,0,0.0,13420.606606920572
2025-04-15,16:45:00,NEWMARKET,Goldie Trickett,1m,7.0,4.0,4.32,0.18830035071279883,2025-04-15_16:45:00,3.0,True,4.0,-0.2467985971488047,7,-0.08226619904960157,kelly_low|ev_low|,0,False,100.0,0,0.0,13420.606606920572
2025-04-15,16:45:00,NEWMARKET,Victory Queen,1m,1.0,4.33,4.49,0.1866723794494519,2025-04-15_16:45:00,4.0,False,4.33,-0.19170859698387321,7,-0.05757014924440637,kelly_low|ev_low|,0,False,100.0,1,0.0,13420.606606920572
2025-04-15,17:20:00,NEWMARKET,Lady Chartwell,1m2f,5.0,4.33,4.7,0.17792235976366913,2025-04-15_17:20:00,3.0,True,4.33,-0.22959618222331268,5,-0.06894780246946326,kelly_low|ev_low|,0,False,100.0,0,0.0,13420.606606920572
2025-04-15,17:20:00,NEWMARKET,Brindavan,1m2f,4.0,5.5,6.23,0.16424480025485674,2025-04-15_17:20:00,4.0,False,5.5,-0.09665359859828793,5,-0.021478577466286206,kelly_low|ev_low|,0,False,100.0,0,0.0,13420.606606920572
2025-04-16,15:00:00,NEWMARKET,Sajir,6f,1.0,3.0,3.29,0.12889429257579538,2025-04-16_15:00:00,3.0,True,3.0,-0.6133171222726138,7,-0.3066585611363069,kelly_low|ev_low|,0,False,100.0,1,0.0,13420.606606920572
2025-04-16,15:00:00,NEWMARKET,Grand Grey,6f,2.0,12.0,14.24,0.12488962219587343,2025-04-16_15:00:00,4.0,False,12.0,0.4986754663504812,7,0.0453341333045892,odds_high|,0,False,100.0,0,0.0,13420.606606920572
2025-04-16,16:10:00,NEWMARKET,Swiss Lightning,7f,1.0,3.0,3.25,0.2061765913785152,2025-04-16_16:10:00,4.0,False,3.0,-0.3814702258644544,5,-0.1907351129322272,kelly_low|ev_low|,0,False,100.0,1,0.0,13420.606606920572
2025-04-16,16:10:00,NEWMARKET,Elizabeth Bay,7f,4.0,5.0,6.4,0.22176990040505373,2025-04-16_16:10:00,3.0,True,5.0,0.10884950202526866,5,0.027212375506317166,kelly_low|,0,False,100.0,0,0.0,13420.606606920572
2025-04-16,17:20:00,NEWMARKET,Jumby,7f,6.0,13.0,15.73,0.0993114966216825,2025-04-16_17:20:00,4.0,False,13.0,0.2910494560818725,7,0.024254121340156042,kelly_low|odds_high|,0,False,100.0,0,0.0,13920.606606920572
2025-04-17,15:35:00,NEWMARKET,Al Arbeed,7f,3.0,17.0,18.7,0.04120619814728131,2025-04-17_15:35:00,4.0,False,17.0,-0.2994946314962177,6,-0.018718414468513606,kelly_low|ev_low|odds_high|,0,False,100.0,0,0.0,14276.204166985806
2025-05-02,13:10:00,NEWMARKET,Pearla,1m2f,2.0,4.33,4.4,0.19768077900768607,2025-05-02_13:10:00,3.0,True,4.33,-0.1440422268967193,6,-0.0432559239930088,kelly_low|ev_low|,0,False,100.0,0,0.0,14176.204166985806
2025-05-02,13:45:00,NEWMARKET,Ernst Blofeld,1m2f,3.0,7.0,8.6,0.11455907942858441,2025-05-02_13:45:00,4.0,False,7.0,-0.19808644399990905,4,-0.033014407333318174,kelly_low|ev_low|,0,False,100.0,0,0.0,14076.204166985806
2025-05-02,15:30:00,NEWMARKET,Alzahir,7f,5.0,5.5,6.15,0.18449749642493454,2025-05-02_15:30:00,3.0,True,5.5,0.01473623033714,6,0.0032747178526977777,kelly_low|ev_low|,0,False,100.0,0,0.0,14076.204166985806
2025-05-02,15:30:00,NEWMARKET,Jumby,7f,4.0,11.0,12.94,0.16635539866766091,2025-05-02_15:30:00,4.0,False,11.0,0.8299093853442701,6,0.082990938534427,odds_high|,0,False,100.0,0,0.0,14076.204166985806
2025-05-02,16:05:00,NEWMARKET,Ambiente Friendly,1m4f,4.0,5.0,6.26,0.1970328597061341,2025-05-02_16:05:00,4.0,False,5.0,-0.014835701469329443,4,-0.0037089253673323608,kelly_low|ev_low|,0,False,100.0,0,0.0,14696.49490248796
2025-05-03,16:05:00,NEWMARKET,Insanity,1m4f,6.0,4.5,4.88,0.2265138567858088,2025-05-03_16:05:00,3.0,True,4.5,0.019312355536139636,7,0.005517815867468467,kelly_low|ev_low|,0,False,100.0,0,0.0,14596.49490248796
2025-05-04,13:45:00,NEWMARKET,Anna Swan,1m2f,7.0,7.0,7.6,0.16190778458856192,2025-05-04_13:45:00,3.0,True,7.0,0.13335449211993344,7,0.022225748686655573,kelly_low|,0,False,100.0,0,0.0,14596.49490248796
2025-05-04,13:45:00,NEWMARKET,Sand Gazelle,1m2f,4.0,8.0,9.8,0.13884214689279595,2025-05-04_13:45:00,4.0,False,8.0,0.11073717514236758,7,0.015819596448909654,kelly_low|,0,False,100.0,0,0.0,14596.49490248796
2025-05-04,14:20:00,NEWMARKET,Running Lion,1m1f,5.0,4.0,4.4,0.2489743482584503,2025-05-04_14:20:00,3.0,True,4.0,-0.004102606966198796,5,-0.0013675356553995988,kelly_low|ev_low|,0,False,100.0,0,0.0,14596.49490248796
2025-05-04,14:20:00,NEWMARKET,Beautiful Love,1m1f,3.0,12.0,14.11,0.06467305138879893,2025-05-04_14:20:00,4.0,False,12.0,-0.22392338333441275,5,-0.020356671212219343,kelly_low|ev_low|odds_high|,0,False,100.0,0,0.0,14596.49490248796
2025-05-04,16:10:00,NEWMARKET,Moira Express,5f,4.0,4.5,4.6,0.23879092367662072,2025-05-04_16:10:00,3.0,True,4.5,0.07455915654479317,4,0.02130261615565519,kelly_low|ev_low|,0,False,100.0,0,0.0,14596.49490248796
2025-05-04,16:10:00,NEWMARKET,Little Havana,5f,3.0,7.0,7.77,0.1762672216063248,2025-05-04_16:10:00,4.0,False,7.0,0.23387055124427358,4,0.03897842520737893,kelly_low|,0,False,100.0,0,0.0,14596.49490248796
2025-05-04,16:45:00,NEWMARKET,French Affair,5f,4.0,7.0,8.8,0.17097692705779513,2025-05-04_16:45:00,3.0,True,7.0,0.19683848940456594,6,0.03280641490076099,kelly_low|,0,False,100.0,0,0.0,14596.49490248796
2025-05-04,16:45:00,NEWMARKET,Alvin,5f,5.0,11.0,12.56,0.16789095257002673,2025-05-04_16:45:00,4.0,False,11.0,0.846800478270294,6,0.0846800478270294,odds_high|,0,False,100.0,0,0.0,14596.49490248796
2025-05-04,17:20:00,NEWMARKET,Hallelujah U,1m2f,4.0,11.0,13.5,0.13305982766055097,2025-05-04_17:20:00,4.0,False,11.0,0.4636581042660608,7,0.04636581042660608,odds_high|,0,False,100.0,0,0.0,15346.49490248796
2025-05-16,16:38:00,NEWMARKET,Fouroneohfever,1m4f,3.0,2.88,3.29,0.1290815557602104,2025-05-16_16:38:00,4.0,False,2.88,-0.628245119410594,5,-0.334172935856699,kelly_low|ev_low|,0,False,100.0,0,0.0,15346.49490248796
2025-05-16,16:38:00,NEWMARKET,Lavender Hill Mob,1m4f,1.0,6.0,6.8,0.1884942564416515,2025-05-16_16:38:00,3.0,True,6.0,0.130965538649909,5,0.0261931077299818,kelly_low|,0,False,100.0,1,0.0,15346.49490248796
2025-05-17,14:15:00,NEWMARKET,Royal Velvet,1m,1.0,12.0,14.37,0.12298327145054205,2025-05-17_14:15:00,4.0,False,12.0,0.47579925740650464,6,0.04325447794604587,odds_high|,0,False,100.0,1,0.0,15224.915957058258
2025-05-17,14:50:00,NEWMARKET,Midnight Tango,6f,4.0,5.5,6.2,0.2019269462098879,2025-05-17_14:50:00,3.0,True,5.5,0.11059820415438348,6,0.02457737870097411,kelly_low|,0,False,100.0,0,0.0,15224.915957058258
2025-05-17,14:50:00,NEWMARKET,Eskimo Pie,6f,2.0,13.0,16.5,0.14951272774477703,2025-05-17_14:50:00,4.0,False,13.0,0.9436654606821013,6,0.07863878839017512,odds_high|,0,False,100.0,0,0.0,15224.915957058258
2025-05-17,15:25:00,NEWMARKET,Pole Star,1m4f,2.0,5.5,5.9,0.11978264158478989,2025-05-17_15:25:00,4.0,False,5.5,-0.34119547128365557,6,-0.07582121584081235,kelly_low|ev_low|,0,False,100.0,0,0.0,15224.915957058258
2025-05-17,15:25:00,NEWMARKET,Minhad,1m4f,1.0,7.0,8.8,0.14925598966270173,2025-05-17_15:25:00,3.0,True,7.0,0.044791927638912155,6,0.007465321273152026,kelly_low|ev_low|,0,False,100.0,1,0.0,15224.915957058258
2025-05-18,15:45:00,NEWMARKET,Start Me Up,6f,3.0,11.0,12.75,0.19335137526480287,2025-05-18_15:45:00,3.0,True,11.0,1.1268651279128314,6,0.11268651279128314,odds_high|,0,False,100.0,0,0.0,15224.915957058258
2025-05-18,15:45:00,NEWMARKET,Fanjove,6f,5.0,23.0,42.0,0.10518250558997867,2025-05-18_15:45:00,4.0,False,23.0,1.4191976285695096,6,0.06450898311679588,odds_high|,0,False,100.0,0,0.0,15224.915957058258
2025-05-18,17:15:00,NEWMARKET,Assail,1m6f,5.0,6.0,6.94,0.17924112696748276,2025-05-18_17:15:00,3.0,True,6.0,0.07544676180489651,6,0.015089352360979302,kelly_low|ev_low|,0,False,100.0,0,0.0,15224.915957058258
2025-05-18,17:15:00,NEWMARKET,Artisan Dancer,1m6f,3.0,6.5,8.43,0.1774788275244412,2025-05-18_17:15:00,4.0,False,6.5,0.1536123789088678,6,0.027929523437975966,kelly_low|,0,False,100.0,0,0.0,15224.915957058258
2025-05-18,18:15:00,NEWMARKET,Bopedro,1m2f,2.0,5.0,5.4,0.11873486363737876,2025-05-18_18:15:00,4.0,False,5.0,-0.40632568181310624,6,-0.10158142045327656,kelly_low|ev_low|,0,False,100.0,0,0.0,15224.915957058258
2025-05-18,18:15:00,NEWMARKET,Lordsbridge Blu,1m2f,4.0,8.0,9.23,0.15049775950580876,2025-05-18_18:15:00,3.0,True,8.0,0.20398207604647012,6,0.02914029657806716,kelly_low|,0,False,100.0,0,0.0,15224.915957058258
2025-06-20,16:47:00,NEWMARKET,If I Could Dream,7f,3.0,4.33,5.0,0.1937952899187282,2025-06-20_16:47:00,4.0,False,4.33,-0.16086639465190689,5,-0.04830822662219426,kelly_low|ev_low|,0,False,100.0,0,0.0,15089.884750605901
2025-06-20,18:37:00,NEWMARKET,Arcimboldo,1m2f,4.0,81.0,117.65,0.0023303573732986593,2025-06-20_18:37:00,4.0,False,81.0,-0.8112410527628086,4,-0.010140513159535108,kelly_low|ev_low|odds_high|,0,False,100.0,0,0.0,14967.893106046831
2025-06-20,20:25:00,NEWMARKET,Is I Right,1m4f,6.0,3.75,3.89,0.2098071784346153,2025-06-20_20:25:00,3.0,True,3.75,-0.2132230808701927,6,-0.07753566577097916,kelly_low|ev_low|,0,False,100.0,0,0.0,14967.893106046831
2025-06-20,20:25:00,NEWMARKET,Schemaya,1m4f,3.0,6.0,6.6,0.13769531582421876,2025-06-20_20:25:00,4.0,False,6.0,-0.17382810505468738,6,-0.03476562101093748,kelly_low|ev_low|,0,False,100.0,0,0.0,14967.893106046831
2025-06-21,15:10:00,NEWMARKET,Elarak,1m,1.0,3.75,2.49,0.2911229852881906,2025-06-21_15:10:00,3.0,True,3.75,0.09171119483071466,5,0.03334952539298715,kelly_low|ev_low|,0,False,100.0,1,0.0,16204.866202914365
2025-06-21,15:10:00,NEWMARKET,Singing In Paris,1m,3.0,67.0,130.0,0.005145588063774689,2025-06-21_15:10:00,4.0,False,67.0,-0.6552455997270958,5,-0.009927963632228726,kelly_low|ev_low|odds_high|,0,False,100.0,0,0.0,16204.866202914365
2025-06-21,15:45:00,NEWMARKET,Circe,6f,1.0,2.63,2.82,0.1504340945393899,2025-06-21_15:45:00,3.0,True,2.63,-0.6043583313614045,7,-0.3707719824303095,kelly_low|ev_low|,0,False,100.0,1,0.0,16204.866202914365
2025-06-21,15:45:00,NEWMARKET,Tattie Bogle,6f,5.0,11.0,14.5,0.14958223474804164,2025-06-21_15:45:00,4.0,False,11.0,0.6454045822284581,7,0.0645404582228458,odds_high|,0,False,100.0,0,0.0,16204.866202914365
2025-06-21,16:25:00,NEWMARKET,Curran,1m6f,1.0,5.5,6.4,0.16955796081972732,2025-06-21_16:25:00,3.0,True,5.5,-0.06743121549149977,7,-0.014984714553666616,kelly_low|ev_low|,0,False,100.0,1,0.0,16204.866202914365
2025-06-21,16:25:00,NEWMARKET,Merrijig,1m6f,7.0,7.0,8.4,0.11753982094171081,2025-06-21_16:25:00,4.0,False,7.0,-0.1772212534080243,7,-0.02953687556800405,kelly_low|ev_low|,0,False,100.0,0,0.0,16204.866202914365
2025-06-26,13:50:00,NEWMARKET,Romeo Montague,6f,3.0,3.0,3.13,0.24078023451724667,2025-06-26_13:50:00,3.0,True,3.0,-0.27765929644825993,6,-0.13882964822412996,kelly_low|ev_low|,0,False,100.0,0,0.0,16204.866202914365
2025-06-26,13:50:00,NEWMARKET,Rydale Frosty,6f,2.0,4.5,4.77,0.17189663567079244,2025-06-26_13:50:00,4.0,False,4.5,-0.22646513948143399,6,-0.064704325566124,kelly_low|ev_low|,0,False,100.0,0,0.0,16204.866202914365
2025-06-26,16:45:00,NEWMARKET,Little Keilee,1m,7.0,2.38,2.72,0.16767308515909468,2025-06-26_16:45:00,4.0,False,2.38,-0.6009380573213547,7,-0.43546236037779334,kelly_low|ev_low|,0,False,100.0,0,0.0,16104.309823770796
2025-06-26,17:20:00,NEWMARKET,Dereham,2m,1.0,4.6,5.3,0.18866818892573567,2025-06-26_17:20:00,3.0,True,4.6,-0.13212633094161597,7,-0.03670175859489333,kelly_low|ev_low|,0,False,100.0,1,0.0,16004.309823770796
2025-06-27,17:40:00,NEWMARKET,Mood Queen,6f,1.0,5.5,6.2,0.1897595487324784,2025-06-27_17:40:00,4.0,False,5.5,0.04367751802863118,7,0.009706115117473595,kelly_low|ev_low|,0,False,100.0,1,0.0,15904.309823770796
2025-06-27,18:10:00,NEWMARKET,Abloom,1m,2.0,4.2,5.0,0.2339567097731802,2025-06-27_18:10:00,3.0,True,4.2,-0.017381818952643124,6,-0.005431818422700976,kelly_low|ev_low|,0,False,100.0,0,0.0,15904.309823770796
2025-06-27,18:10:00,NEWMARKET,Hot Topic,1m,4.0,13.0,17.0,0.07593891497929961,2025-06-27_18:10:00,4.0,False,13.0,-0.012794105269105072,6,-0.0010661754390920892,kelly_low|ev_low|odds_high|,0,False,100.0,0,0.0,15904.309823770796
2025-06-27,18:40:00,NEWMARKET,Expressionless,1m4f,2.0,4.0,4.55,0.2679530269428259,2025-06-27_18:40:00,3.0,True,4.0,0.07181210777130365,4,0.023937369257101215,kelly_low|ev_low|,0,False,100.0,0,0.0,15904.309823770796
2025-06-27,18:40:00,NEWMARKET,Lincoln Rockstar,1m4f,4.0,15.0,19.69,0.10853089786921112,2025-06-27_18:40:00,4.0,False,15.0,0.6279634680381668,4,0.04485453343129763,odds_high|,0,False,100.0,0,0.0,15904.309823770796
2025-06-27,19:15:00,NEWMARKET,Silent Affair,1m2f,4.0,8.0,8.2,0.15472457035793724,2025-06-27_19:15:00,3.0,True,8.0,0.23779656286349793,6,0.033970937551928274,kelly_low|,0,False,100.0,0,0.0,15804.309823770796
2025-06-27,20:20:00,NEWMARKET,Cyclonite,7f,2.0,5.5,5.94,0.15396039751153892,2025-06-27_20:20:00,3.0,True,5.5,-0.15321781368653598,7,-0.03404840304145244,kelly_low|ev_low|,0,False,100.0,0,0.0,15804.309823770796
2025-06-27,20:20:00,NEWMARKET,Art Market,7f,4.0,19.0,22.6,0.1007828361165454,2025-06-27_20:20:00,4.0,False,19.0,0.9148738862143625,7,0.05082632701190903,odds_high|,0,False,100.0,0,0.0,15804.309823770796
2025-06-27,20:55:00,NEWMARKET,Blue Zodiac,6f,5.0,12.0,10.41,0.13025406556605593,2025-06-27_20:55:00,4.0,False,12.0,0.5630487867926711,7,0.05118625334478828,odds_high|,0,False,100.0,0,0.0,15698.28241781875
2025-07-10,13:50:00,NEWMARKET,Nightime Dancer,1m5f,2.0,3.75,3.8,0.17654757252150724,2025-07-10_13:50:00,4.0,False,3.75,-0.33794660304434787,5,-0.12288967383430832,kelly_low|ev_low|,0,False,100.0,0,0.0,15507.40010468805
2025-07-10,14:25:00,NEWMARKET,Jel Pepper,6f,3.0,6.5,6.2,0.1481754611886541,2025-07-10_14:25:00,4.0,False,6.5,-0.036859502273748346,6,-0.006701727686136063,kelly_low|ev_low|,0,False,100.0,0,0.0,15335.810577622738
2025-07-10,15:35:00,NEWMARKET,Palladium (GER),1m4f,4.0,2.63,2.9,0.2284224925440698,2025-07-10_15:35:00,3.0,True,2.63,-0.3992488446090965,4,-0.24493794147797332,kelly_low|ev_low|,0,False,100.0,0,0.0,15335.810577622738
2025-07-10,15:35:00,NEWMARKET,Arabian Crown,1m4f,3.0,5.0,5.82,0.16114779686228403,2025-07-10_15:35:00,4.0,False,5.0,-0.19426101568857979,4,-0.048565253922144946,kelly_low|ev_low|,0,False,100.0,0,0.0,15335.810577622738
2025-07-10,16:45:00,NEWMARKET,Elarak,1m,7.0,12.0,15.27,0.05843771284967328,2025-07-10_16:45:00,4.0,False,12.0,-0.29874744580392065,7,-0.027158858709447332,kelly_low|ev_low|odds_high|,0,False,100.0,0,0.0,15187.833390816979
2025-07-11,14:25:00,NEWMARKET,Mood Queen,6f,6.0,13.0,16.5,0.12146177777816068,2025-07-11_14:25:00,4.0,False,13.0,0.5790031111160888,6,0.04825025925967407,odds_high|,0,False,100.0,0,0.0,15187.833390816979
2025-07-11,14:25:00,NEWMARKET,Shine On Me,6f,4.0,17.0,24.0,0.12593807921780414,2025-07-11_14:25:00,3.0,True,17.0,1.1409473467026705,6,0.0713092091689169,odds_high|,0,False,100.0,0,0.0,15187.833390816979
2025-07-12,15:25:00,NEWMARKET,Fifth Column,1m,1.0,5.0,5.28,0.17184741189776565,2025-07-12_15:25:00,3.0,True,5.0,-0.14076294051117177,7,-0.035190735127792944,kelly_low|ev_low|,0,False,100.0,1,0.0,15187.833390816979
2025-07-12,15:25:00,NEWMARKET,Raafedd,1m,3.0,8.5,12.5,0.14892734387271378,2025-07-12_15:25:00,4.0,False,8.5,0.2658824229180671,7,0.03545098972240894,kelly_low|,0,False,100.0,0,0.0,15187.833390816979
2025-07-12,16:00:00,NEWMARKET,Saba Desert,7f,1.0,7.0,7.56,0.15556968032180954,2025-07-12_16:00:00,3.0,True,7.0,0.0889877622526668,7,0.014831293708777801,kelly_low|ev_low|,0,False,100.0,1,0.0,15187.833390816979
2025-07-12,16:00:00,NEWMARKET,Venetian Lace,7f,4.0,15.0,16.5,0.09719985492254513,2025-07-12_16:00:00,4.0,False,15.0,0.4579978238381769,7,0.03271413027415549,kelly_low|odds_high|,0,False,100.0,0,0.0,15187.833390816979
2025-07-12,17:10:00,NEWMARKET,Atlantic Sunset,1m4f,6.0,5.5,6.4,0.19321446078575966,2025-07-12_17:10:00,4.0,False,5.5,0.06267953432167805,7,0.013928785404817345,kelly_low|ev_low|,0,False,100.0,0,0.0,15187.833390816979
2025-07-12,17:10:00,NEWMARKET,Asgards Captain,1m4f,3.0,5.5,6.4,0.19406504100842908,2025-07-12_17:10:00,3.0,True,5.5,0.06735772554635988,7,0.01496838345474664,kelly_low|ev_low|,0,False,100.0,0,0.0,15187.833390816979
